,GC-raw,rep-GC,rep-raw
HG00096,0.02,0.018,0.027
HG00097,0.024,0.027,0.038
HG00099,0.023,0.032,0.04
HG00100,0.018,0.019,0.026
HG00101,0.024,0.019,0.029
HG00102,0.021,0.021,0.03
HG00103,0.027,0.026,0.038
HG00105,0.018,0.021,0.025
HG00106,0.01,0.017,0.023
HG00107,0.019,0.019,0.028
HG00108,0.018,0.02,0.029
HG00109,0.016,0.023,0.027
HG00110,0.026,0.02,0.031
HG00111,0.025,0.033,0.041
HG00112,0.02,0.017,0.025
HG00113,0.023,0.019,0.029
HG00114,0.018,0.019,0.027
HG00115,0.02,0.021,0.03
HG00116,0.016,0.019,0.024
HG00117,0.021,0.017,0.027
HG00118,0.018,0.017,0.024
HG00119,0.015,0.027,0.033
HG00120,0.022,0.019,0.027
HG00121,0.02,0.019,0.03
HG00122,0.026,0.019,0.032
HG00123,0.022,0.018,0.028
HG00125,0.019,0.02,0.026
HG00126,0.032,0.035,0.05
HG00127,0.023,0.016,0.027
HG00128,0.027,0.016,0.031
HG00129,0.009,0.021,0.023
HG00130,0.009,0.021,0.026
HG00131,0.009,0.01,0.016
HG00132,0.031,0.028,0.041
HG00133,0.024,0.019,0.03
HG00136,0.023,0.021,0.033
HG00137,0.016,0.018,0.021
HG00138,0.021,0.018,0.027
HG00139,0.018,0.019,0.026
HG00140,0.029,0.024,0.039
HG00141,0.008,0.017,0.018
HG00142,0.024,0.025,0.036
HG00143,0.012,0.026,0.029
HG00145,0.034,0.02,0.039
HG00146,0.021,0.015,0.026
HG00148,0.021,0.011,0.023
HG00149,0.03,0.027,0.04
HG00150,0.021,0.023,0.032
HG00151,0.019,0.026,0.034
HG00154,0.026,0.026,0.035
HG00155,0.026,0.021,0.033
HG00157,0.028,0.028,0.04
HG00158,0.022,0.027,0.036
HG00159,0.017,0.02,0.028
HG00160,0.018,0.023,0.03
HG00171,0.016,0.016,0.021
HG00173,0.025,0.019,0.031
HG00174,0.01,0.019,0.026
HG00176,0.028,0.028,0.04
HG00177,0.02,0.018,0.026
HG00178,0.024,0.019,0.03
HG00179,0.017,0.018,0.023
HG00180,0.025,0.018,0.03
HG00181,0.018,0.019,0.028
HG00182,0.009,0.01,0.017
HG00183,0.026,0.018,0.029
HG00185,0.024,0.026,0.034
HG00186,0.01,0.017,0.02
HG00187,0.009,0.017,0.022
HG00188,0.027,0.02,0.033
HG00189,0.031,0.021,0.035
HG00190,0.017,0.024,0.029
HG00231,0.02,0.023,0.032
HG00232,0.02,0.025,0.031
HG00233,0.016,0.023,0.029
HG00234,0.009,0.023,0.027
HG00235,0.025,0.02,0.031
HG00236,0.018,0.015,0.023
HG00237,0.027,0.013,0.029
HG00238,0.012,0.022,0.03
HG00239,0.025,0.026,0.036
HG00240,0.023,0.031,0.041
HG00242,0.016,0.026,0.031
HG00243,0.024,0.031,0.041
HG00244,0.024,0.019,0.029
HG00245,0.007,0.014,0.016
HG00246,0.01,0.011,0.018
HG00250,0.023,0.022,0.033
HG00251,0.022,0.022,0.031
HG00252,0.018,0.019,0.028
HG00253,0.022,0.018,0.028
HG00254,0.023,0.019,0.028
HG00255,0.028,0.024,0.036
HG00256,0.021,0.018,0.028
HG00257,0.018,0.016,0.025
HG00258,0.017,0.016,0.022
HG00259,0.022,0.019,0.029
HG00260,0.034,0.019,0.039
HG00261,0.029,0.013,0.03
HG00262,0.03,0.02,0.036
HG00263,0.018,0.019,0.027
HG00264,0.019,0.029,0.037
HG00265,0.026,0.027,0.039
HG00266,0.028,0.031,0.042
HG00267,0.026,0.021,0.034
HG00268,0.031,0.029,0.042
HG00269,0.019,0.02,0.028
HG00271,0.027,0.028,0.037
HG00272,0.032,0.028,0.041
HG00273,0.022,0.018,0.027
HG00274,0.025,0.019,0.03
HG00275,0.02,0.02,0.029
HG00276,0.027,0.02,0.033
HG00277,0.018,0.018,0.027
HG00278,0.024,0.018,0.029
HG00280,0.022,0.024,0.032
HG00281,0.029,0.019,0.033
HG00282,0.022,0.02,0.031
HG00284,0.017,0.018,0.024
HG00285,0.019,0.027,0.035
HG00288,0.011,0.026,0.029
HG00290,0.027,0.026,0.038
HG00304,0.025,0.02,0.03
HG00306,0.019,0.02,0.028
HG00308,0.02,0.025,0.032
HG00309,0.033,0.034,0.049
HG00310,0.028,0.029,0.04
HG00311,0.02,0.018,0.026
HG00313,0.024,0.031,0.039
HG00315,0.024,0.028,0.037
HG00318,0.032,0.022,0.04
HG00319,0.035,0.019,0.039
HG00320,0.02,0.032,0.039
HG00321,0.021,0.031,0.038
HG00323,0.028,0.03,0.041
HG00324,0.021,0.028,0.037
HG00325,0.022,0.02,0.03
HG00326,0.014,0.02,0.026
HG00327,0.038,0.038,0.055
HG00328,0.01,0.023,0.027
HG00329,0.019,0.025,0.032
HG00330,0.03,0.03,0.041
HG00331,0.027,0.036,0.047
HG00332,0.009,0.017,0.019
HG00334,0.024,0.019,0.029
HG00335,0.021,0.033,0.041
HG00336,0.009,0.027,0.028
HG00337,0.031,0.026,0.039
HG00338,0.016,0.026,0.031
HG00339,0.015,0.022,0.028
HG00341,0.025,0.023,0.033
HG00342,0.02,0.018,0.027
HG00343,0.02,0.018,0.027
HG00344,0.028,0.021,0.035
HG00345,0.015,0.021,0.027
HG00346,0.02,0.017,0.023
HG00349,0.019,0.026,0.034
HG00350,0.02,0.02,0.028
HG00351,0.023,0.023,0.032
HG00353,0.025,0.019,0.03
HG00355,0.02,0.02,0.028
HG00356,0.018,0.018,0.026
HG00357,0.028,0.025,0.036
HG00358,0.019,0.025,0.031
HG00360,0.019,0.01,0.021
HG00361,0.019,0.011,0.021
HG00362,0.021,0.017,0.028
HG00364,0.025,0.019,0.03
HG00365,0.018,0.018,0.024
HG00366,0.025,0.01,0.027
HG00367,0.009,0.019,0.025
HG00368,0.009,0.016,0.018
HG00369,0.024,0.014,0.026
HG00371,0.019,0.024,0.031
HG00372,0.027,0.022,0.034
HG00373,0.021,0.027,0.036
HG00375,0.023,0.023,0.032
HG00376,0.021,0.019,0.028
HG00378,0.024,0.026,0.036
HG00379,0.023,0.021,0.031
HG00380,0.023,0.029,0.039
HG00381,0.027,0.025,0.036
HG00382,0.023,0.025,0.034
HG00383,0.025,0.027,0.038
HG00384,0.023,0.027,0.037
HG00403,0.026,0.018,0.031
HG00404,0.028,0.02,0.032
HG00406,0.017,0.01,0.019
HG00407,0.026,0.028,0.039
HG00409,0.022,0.021,0.032
HG00410,0.027,0.018,0.032
HG00419,0.019,0.018,0.027
HG00421,0.032,0.023,0.039
HG00422,0.02,0.024,0.032
HG00428,0.022,0.032,0.039
HG00436,0.028,0.019,0.032
HG00437,0.023,0.017,0.027
HG00442,0.019,0.019,0.028
HG00443,0.022,0.021,0.032
HG00445,0.025,0.033,0.04
HG00446,0.021,0.02,0.03
HG00448,0.016,0.022,0.026
HG00449,0.02,0.026,0.033
HG00451,0.017,0.026,0.033
HG00452,0.018,0.028,0.033
HG00457,0.016,0.017,0.022
HG00458,0.028,0.027,0.038
HG00463,0.025,0.026,0.037
HG00464,0.03,0.034,0.047
HG00472,0.02,0.02,0.028
HG00473,0.026,0.025,0.035
HG00475,0.029,0.026,0.036
HG00476,0.031,0.03,0.043
HG00478,0.016,0.019,0.025
HG00479,0.019,0.03,0.036
HG00500,0.019,0.022,0.03
HG00513,0.019,0.028,0.034
HG00524,0.027,0.024,0.037
HG00525,0.02,0.027,0.031
HG00530,0.021,0.018,0.026
HG00531,0.018,0.028,0.036
HG00533,0.031,0.027,0.041
HG00534,0.018,0.027,0.032
HG00536,0.032,0.019,0.036
HG00537,0.02,0.029,0.038
HG00542,0.019,0.019,0.026
HG00543,0.025,0.025,0.036
HG00551,0.035,0.025,0.043
HG00553,0.031,0.026,0.04
HG00554,0.024,0.02,0.032
HG00556,0.027,0.022,0.034
HG00557,0.019,0.013,0.021
HG00559,0.035,0.029,0.047
HG00560,0.023,0.021,0.031
HG00565,0.016,0.012,0.02
HG00566,0.014,0.019,0.024
HG00580,0.022,0.019,0.03
HG00581,0.031,0.029,0.041
HG00583,0.008,0.018,0.019
HG00584,0.017,0.029,0.035
HG00589,0.018,0.019,0.026
HG00590,0.031,0.02,0.038
HG00592,0.023,0.028,0.037
HG00593,0.015,0.028,0.032
HG00595,0.029,0.021,0.036
HG00596,0.021,0.022,0.031
HG00598,0.027,0.019,0.029
HG00599,0.019,0.019,0.026
HG00607,0.032,0.024,0.039
HG00608,0.022,0.019,0.029
HG00610,0.016,0.024,0.03
HG00611,0.025,0.032,0.042
HG00613,0.031,0.027,0.041
HG00614,0.026,0.026,0.036
HG00619,0.0,0.02,0.021
HG00620,0.023,0.018,0.028
HG00622,0.024,0.021,0.034
HG00623,0.031,0.024,0.039
HG00625,0.016,0.019,0.026
HG00626,0.019,0.021,0.028
HG00628,0.017,0.018,0.026
HG00629,0.029,0.026,0.04
HG00631,0.027,0.02,0.032
HG00632,0.023,0.021,0.032
HG00634,0.02,0.024,0.032
HG00637,0.027,0.018,0.029
HG00638,0.025,0.017,0.03
HG00640,0.027,0.03,0.041
HG00641,0.032,0.031,0.045
HG00650,0.025,0.024,0.034
HG00651,0.03,0.029,0.043
HG00653,0.021,0.019,0.03
HG00654,0.025,0.023,0.036
HG00656,0.029,0.025,0.038
HG00657,0.026,0.016,0.03
HG00662,0.015,0.021,0.027
HG00663,0.025,0.025,0.037
HG00671,0.035,0.023,0.041
HG00672,0.034,0.026,0.043
HG00674,0.02,0.03,0.04
HG00675,0.022,0.021,0.031
HG00683,0.009,0.017,0.018
HG00684,0.027,0.019,0.032
HG00689,0.016,0.019,0.025
HG00690,0.012,0.018,0.021
HG00692,0.022,0.028,0.038
HG00693,0.021,0.022,0.032
HG00698,0.029,0.023,0.034
HG00699,0.027,0.019,0.033
HG00701,0.023,0.015,0.026
HG00704,0.028,0.019,0.033
HG00705,0.027,0.026,0.036
HG00707,0.024,0.02,0.031
HG00708,0.029,0.021,0.036
HG00717,0.035,0.022,0.04
HG00728,0.021,0.02,0.03
HG00729,0.024,0.022,0.033
HG00731,0.022,0.019,0.03
HG00732,0.027,0.021,0.034
HG00734,0.015,0.019,0.024
HG00736,0.015,0.026,0.028
HG00737,0.02,0.02,0.031
HG00739,0.009,0.019,0.021
HG00740,0.021,0.02,0.029
HG00742,0.014,0.023,0.026
HG00743,0.03,0.021,0.035
HG00759,0.011,0.019,0.023
HG00766,0.025,0.027,0.036
HG00844,0.02,0.018,0.027
HG00851,0.016,0.015,0.017
HG00864,0.018,0.018,0.025
HG00867,0.01,0.026,0.029
HG00879,0.032,0.029,0.041
HG00881,0.027,0.02,0.033
HG00956,0.02,0.02,0.028
HG00978,0.017,0.018,0.025
HG00982,0.009,0.028,0.03
HG01028,0.013,0.006,0.013
HG01029,0.017,0.016,0.022
HG01031,0.024,0.018,0.029
HG01046,0.021,0.019,0.027
HG01047,0.022,0.022,0.032
HG01048,0.021,0.018,0.027
HG01049,0.024,0.021,0.033
HG01051,0.031,0.026,0.039
HG01052,0.026,0.02,0.033
HG01054,0.029,0.026,0.039
HG01055,0.03,0.025,0.039
HG01058,0.024,0.02,0.031
HG01060,0.009,0.018,0.02
HG01061,0.026,0.027,0.037
HG01063,0.011,0.02,0.025
HG01064,0.017,0.019,0.025
HG01066,0.028,0.027,0.038
HG01067,0.029,0.022,0.035
HG01069,0.031,0.024,0.039
HG01070,0.028,0.021,0.034
HG01072,0.025,0.021,0.031
HG01073,0.021,0.023,0.029
HG01075,0.021,0.017,0.029
HG01077,0.031,0.026,0.041
HG01079,0.025,0.02,0.032
HG01080,0.019,0.019,0.027
HG01082,0.027,0.024,0.036
HG01083,0.032,0.031,0.047
HG01085,0.009,0.024,0.024
HG01086,0.02,0.019,0.026
HG01088,0.019,0.015,0.023
HG01089,0.02,0.022,0.032
HG01092,0.016,0.028,0.032
HG01094,0.026,0.02,0.032
HG01095,0.023,0.011,0.028
HG01097,0.021,0.027,0.035
HG01098,0.027,0.029,0.039
HG01101,0.033,0.022,0.04
HG01102,0.032,0.024,0.04
HG01104,0.028,0.019,0.033
HG01105,0.028,0.021,0.035
HG01107,0.034,0.018,0.037
HG01108,0.009,0.019,0.023
HG01110,0.02,0.024,0.032
HG01111,0.02,0.029,0.037
HG01112,0.028,0.028,0.039
HG01113,0.039,0.039,0.054
HG01119,0.029,0.024,0.036
HG01121,0.018,0.011,0.02
HG01122,0.014,0.017,0.022
HG01124,0.024,0.025,0.034
HG01125,0.021,0.019,0.029
HG01130,0.022,0.024,0.032
HG01131,0.024,0.02,0.031
HG01133,0.031,0.032,0.046
HG01134,0.018,0.023,0.03
HG01136,0.026,0.026,0.036
HG01137,0.027,0.019,0.032
HG01139,0.017,0.016,0.02
HG01140,0.018,0.024,0.031
HG01142,0.017,0.016,0.022
HG01148,0.029,0.029,0.041
HG01149,0.021,0.025,0.034
HG01161,0.02,0.02,0.03
HG01162,0.025,0.022,0.034
HG01164,0.023,0.018,0.029
HG01167,0.031,0.02,0.036
HG01168,0.02,0.024,0.032
HG01170,0.024,0.026,0.037
HG01171,0.019,0.027,0.034
HG01173,0.028,0.028,0.039
HG01174,0.03,0.021,0.037
HG01176,0.019,0.02,0.026
HG01177,0.021,0.017,0.026
HG01182,0.015,0.018,0.022
HG01183,0.032,0.024,0.04
HG01187,0.016,0.019,0.024
HG01188,0.021,0.021,0.03
HG01190,0.02,0.026,0.035
HG01191,0.01,0.027,0.032
HG01197,0.0,0.018,0.019
HG01198,0.025,0.02,0.032
HG01200,0.019,0.018,0.024
HG01204,0.024,0.02,0.03
HG01205,0.03,0.025,0.038
HG01241,0.008,0.015,0.016
HG01242,0.026,0.03,0.041
HG01247,0.02,0.018,0.027
HG01248,0.028,0.022,0.034
HG01250,0.029,0.018,0.034
HG01251,0.017,0.017,0.02
HG01253,0.035,0.028,0.044
HG01254,0.014,0.025,0.031
HG01256,0.027,0.024,0.037
HG01257,0.021,0.019,0.029
HG01259,0.018,0.035,0.04
HG01260,0.023,0.027,0.038
HG01269,0.019,0.017,0.025
HG01271,0.029,0.027,0.04
HG01272,0.026,0.039,0.048
HG01275,0.021,0.03,0.038
HG01277,0.028,0.019,0.031
HG01280,0.018,0.01,0.019
HG01281,0.027,0.029,0.042
HG01284,0.02,0.021,0.03
HG01286,0.018,0.024,0.028
HG01302,0.027,0.027,0.038
HG01303,0.0,0.018,0.019
HG01305,0.022,0.02,0.029
HG01308,0.016,0.034,0.038
HG01311,0.024,0.019,0.03
HG01312,0.019,0.019,0.026
HG01323,0.02,0.026,0.033
HG01325,0.032,0.023,0.037
HG01326,0.019,0.018,0.025
HG01334,0.021,0.017,0.026
HG01341,0.019,0.021,0.03
HG01342,0.031,0.018,0.034
HG01344,0.024,0.021,0.032
HG01345,0.025,0.021,0.033
HG01348,0.017,0.019,0.026
HG01350,0.03,0.03,0.042
HG01351,0.009,0.02,0.026
HG01353,0.019,0.018,0.025
HG01354,0.023,0.017,0.029
HG01356,0.016,0.019,0.026
HG01357,0.011,0.025,0.029
HG01359,0.034,0.034,0.047
HG01360,0.033,0.033,0.047
HG01362,0.028,0.02,0.035
HG01363,0.025,0.029,0.04
HG01365,0.016,0.019,0.026
HG01366,0.034,0.023,0.041
HG01369,0.021,0.018,0.03
HG01372,0.022,0.02,0.029
HG01374,0.018,0.017,0.025
HG01375,0.019,0.021,0.03
HG01377,0.019,0.016,0.025
HG01378,0.027,0.02,0.032
HG01383,0.018,0.018,0.024
HG01384,0.016,0.033,0.037
HG01389,0.01,0.02,0.026
HG01390,0.017,0.02,0.028
HG01392,0.02,0.02,0.029
HG01393,0.026,0.024,0.037
HG01395,0.016,0.017,0.023
HG01396,0.018,0.02,0.028
HG01398,0.028,0.023,0.035
HG01402,0.027,0.01,0.028
HG01403,0.009,0.018,0.019
HG01405,0.023,0.017,0.027
HG01412,0.018,0.019,0.025
HG01413,0.017,0.011,0.019
HG01414,0.023,0.018,0.028
HG01431,0.019,0.021,0.03
HG01432,0.022,0.018,0.029
HG01435,0.009,0.009,0.01
HG01437,0.024,0.02,0.032
HG01438,0.022,0.02,0.028
HG01440,0.017,0.01,0.019
HG01441,0.026,0.027,0.037
HG01443,0.023,0.019,0.031
HG01444,0.03,0.027,0.04
HG01447,0.025,0.025,0.033
HG01455,0.031,0.019,0.036
HG01456,0.025,0.026,0.035
HG01459,0.025,0.03,0.041
HG01461,0.019,0.02,0.027
HG01462,0.017,0.018,0.025
HG01464,0.024,0.025,0.033
HG01465,0.028,0.019,0.032
HG01468,0.028,0.026,0.039
HG01474,0.031,0.026,0.04
HG01479,0.024,0.02,0.03
HG01485,0.025,0.019,0.03
HG01486,0.027,0.022,0.034
HG01488,0.021,0.024,0.031
HG01489,0.029,0.02,0.033
HG01491,0.027,0.026,0.037
HG01492,0.029,0.021,0.036
HG01494,0.024,0.02,0.031
HG01495,0.041,0.042,0.058
HG01497,0.028,0.021,0.035
HG01498,0.023,0.021,0.031
HG01500,0.018,0.015,0.022
HG01501,0.029,0.026,0.04
HG01503,0.031,0.021,0.038
HG01504,0.028,0.019,0.033
HG01506,0.018,0.01,0.02
HG01507,0.022,0.017,0.028
HG01509,0.024,0.018,0.03
HG01510,0.02,0.019,0.027
HG01512,0.03,0.031,0.042
HG01513,0.032,0.032,0.046
HG01515,0.032,0.021,0.037
HG01516,0.024,0.024,0.035
HG01518,0.023,0.028,0.038
HG01519,0.022,0.01,0.021
HG01521,0.024,0.011,0.027
HG01522,0.021,0.021,0.032
HG01524,0.021,0.017,0.026
HG01525,0.022,0.02,0.028
HG01527,0.025,0.02,0.031
HG01528,0.028,0.018,0.032
HG01530,0.03,0.02,0.037
HG01531,0.025,0.028,0.039
HG01536,0.023,0.019,0.029
HG01537,0.03,0.026,0.039
HG01550,0.024,0.019,0.031
HG01551,0.029,0.029,0.04
HG01556,0.02,0.021,0.029
HG01565,0.029,0.024,0.037
HG01566,0.021,0.024,0.032
HG01571,0.019,0.017,0.024
HG01572,0.02,0.027,0.035
HG01577,0.019,0.026,0.033
HG01578,0.01,0.019,0.025
HG01583,0.024,0.023,0.033
HG01586,0.017,0.018,0.021
HG01589,0.026,0.025,0.035
HG01593,0.028,0.021,0.035
HG01595,0.026,0.024,0.035
HG01596,0.03,0.027,0.039
HG01597,0.025,0.019,0.032
HG01598,0.022,0.02,0.031
HG01599,0.018,0.019,0.027
HG01600,0.027,0.025,0.036
HG01602,0.019,0.014,0.022
HG01603,0.024,0.019,0.032
HG01605,0.026,0.025,0.036
HG01606,0.036,0.03,0.045
HG01607,0.02,0.02,0.028
HG01608,0.03,0.028,0.04
HG01610,0.026,0.022,0.033
HG01612,0.024,0.02,0.033
HG01613,0.03,0.02,0.034
HG01615,0.014,0.01,0.016
HG01617,0.019,0.018,0.026
HG01618,0.022,0.02,0.032
HG01619,0.019,0.018,0.026
HG01620,0.023,0.02,0.031
HG01623,0.023,0.022,0.032
HG01624,0.023,0.02,0.031
HG01625,0.028,0.024,0.036
HG01626,0.019,0.017,0.027
HG01628,0.03,0.019,0.034
HG01630,0.022,0.02,0.029
HG01631,0.035,0.029,0.046
HG01632,0.029,0.017,0.031
HG01668,0.029,0.028,0.04
HG01669,0.029,0.033,0.045
HG01670,0.025,0.021,0.034
HG01672,0.019,0.017,0.024
HG01673,0.02,0.027,0.035
HG01675,0.024,0.021,0.033
HG01676,0.03,0.021,0.036
HG01678,0.025,0.022,0.034
HG01679,0.031,0.033,0.047
HG01680,0.036,0.026,0.042
HG01682,0.023,0.022,0.033
HG01684,0.025,0.019,0.03
HG01685,0.031,0.029,0.043
HG01686,0.024,0.019,0.03
HG01694,0.03,0.025,0.038
HG01695,0.021,0.017,0.025
HG01697,0.03,0.021,0.036
HG01699,0.023,0.017,0.029
HG01700,0.026,0.02,0.032
HG01702,0.029,0.028,0.041
HG01704,0.024,0.016,0.029
HG01705,0.032,0.026,0.041
HG01707,0.03,0.021,0.037
HG01708,0.027,0.02,0.033
HG01709,0.016,0.019,0.025
HG01710,0.023,0.02,0.03
HG01746,0.017,0.013,0.02
HG01747,0.017,0.018,0.024
HG01756,0.019,0.024,0.032
HG01757,0.026,0.02,0.031
HG01761,0.03,0.029,0.041
HG01762,0.019,0.019,0.026
HG01765,0.025,0.021,0.033
HG01766,0.015,0.019,0.024
HG01767,0.027,0.027,0.038
HG01768,0.017,0.02,0.028
HG01770,0.03,0.026,0.038
HG01771,0.01,0.017,0.02
HG01773,0.009,0.018,0.02
HG01775,0.017,0.017,0.024
HG01776,0.022,0.021,0.032
HG01777,0.02,0.01,0.022
HG01779,0.022,0.018,0.028
HG01781,0.016,0.032,0.036
HG01783,0.027,0.026,0.037
HG01784,0.025,0.029,0.039
HG01785,0.018,0.024,0.029
HG01786,0.024,0.025,0.034
HG01789,0.019,0.018,0.027
HG01790,0.028,0.03,0.042
HG01791,0.01,0.017,0.021
HG01794,0.029,0.022,0.036
HG01795,0.023,0.024,0.033
HG01796,0.0,0.018,0.019
HG01797,0.017,0.017,0.021
HG01798,0.013,0.018,0.023
HG01799,0.019,0.022,0.029
HG01800,0.021,0.019,0.029
HG01801,0.027,0.024,0.034
HG01802,0.017,0.022,0.028
HG01804,0.019,0.017,0.023
HG01805,0.016,0.021,0.027
HG01806,0.009,0.019,0.02
HG01807,0.032,0.026,0.041
HG01808,0.039,0.026,0.045
HG01809,0.016,0.019,0.026
HG01810,0.026,0.029,0.038
HG01811,0.021,0.02,0.029
HG01812,0.018,0.02,0.028
HG01813,0.024,0.027,0.037
HG01815,0.029,0.029,0.041
HG01816,0.021,0.018,0.029
HG01817,0.024,0.019,0.031
HG01840,0.025,0.021,0.032
HG01841,0.03,0.029,0.043
HG01842,0.022,0.017,0.027
HG01843,0.02,0.024,0.03
HG01844,0.026,0.02,0.03
HG01845,0.019,0.02,0.029
HG01846,0.009,0.019,0.021
HG01847,0.021,0.026,0.034
HG01848,0.02,0.017,0.026
HG01849,0.028,0.027,0.04
HG01850,0.031,0.032,0.044
HG01851,0.025,0.022,0.033
HG01852,0.024,0.019,0.029
HG01853,0.032,0.017,0.034
HG01855,0.026,0.017,0.03
HG01857,0.029,0.02,0.035
HG01858,0.017,0.023,0.029
HG01859,0.02,0.021,0.03
HG01860,0.02,0.02,0.03
HG01861,0.028,0.024,0.037
HG01862,0.024,0.02,0.032
HG01863,0.021,0.019,0.028
HG01864,0.021,0.025,0.031
HG01865,0.021,0.022,0.029
HG01866,0.009,0.018,0.019
HG01867,0.024,0.018,0.028
HG01868,0.024,0.019,0.03
HG01869,0.019,0.021,0.03
HG01870,0.025,0.021,0.032
HG01871,0.028,0.025,0.037
HG01872,0.029,0.023,0.036
HG01873,0.029,0.028,0.041
HG01874,0.02,0.018,0.026
HG01878,0.017,0.017,0.023
HG01879,0.019,0.016,0.022
HG01880,0.021,0.011,0.026
HG01882,0.018,0.019,0.027
HG01883,0.029,0.02,0.034
HG01885,0.025,0.021,0.031
HG01886,0.018,0.021,0.028
HG01889,0.032,0.036,0.051
HG01890,0.028,0.029,0.041
HG01892,0.023,0.018,0.029
HG01893,0.018,0.011,0.021
HG01894,0.016,0.022,0.028
HG01896,0.03,0.023,0.039
HG01912,0.031,0.026,0.04
HG01914,0.02,0.011,0.021
HG01915,0.02,0.019,0.028
HG01917,0.03,0.034,0.047
HG01918,0.027,0.021,0.035
HG01920,0.026,0.027,0.036
HG01921,0.021,0.02,0.031
HG01923,0.029,0.021,0.035
HG01924,0.023,0.03,0.039
HG01926,0.02,0.019,0.027
HG01927,0.029,0.022,0.036
HG01932,0.02,0.01,0.022
HG01933,0.024,0.022,0.033
HG01935,0.019,0.018,0.026
HG01936,0.022,0.017,0.027
HG01938,0.016,0.02,0.026
HG01939,0.028,0.024,0.036
HG01941,0.025,0.02,0.033
HG01942,0.03,0.02,0.036
HG01944,0.024,0.022,0.032
HG01945,0.032,0.025,0.04
HG01947,0.021,0.012,0.022
HG01948,0.025,0.025,0.036
HG01950,0.02,0.01,0.021
HG01951,0.023,0.02,0.031
HG01953,0.027,0.026,0.038
HG01954,0.027,0.029,0.041
HG01956,0.021,0.019,0.028
HG01958,0.024,0.017,0.029
HG01961,0.024,0.011,0.027
HG01965,0.026,0.011,0.029
HG01967,0.022,0.02,0.031
HG01968,0.019,0.019,0.029
HG01970,0.02,0.011,0.021
HG01971,0.025,0.02,0.032
HG01973,0.017,0.01,0.02
HG01974,0.017,0.01,0.018
HG01976,0.019,0.021,0.029
HG01977,0.029,0.027,0.041
HG01979,0.024,0.023,0.033
HG01980,0.033,0.032,0.046
HG01982,0.02,0.01,0.022
HG01985,0.02,0.02,0.027
HG01986,0.029,0.023,0.036
HG01988,0.022,0.018,0.029
HG01989,0.021,0.02,0.03
HG01990,0.02,0.025,0.033
HG01991,0.022,0.019,0.029
HG01992,0.019,0.011,0.021
HG01997,0.018,0.011,0.021
HG02002,0.02,0.017,0.027
HG02003,0.028,0.019,0.033
HG02006,0.018,0.018,0.027
HG02008,0.028,0.028,0.039
HG02009,0.025,0.02,0.032
HG02010,0.021,0.02,0.029
HG02012,0.024,0.015,0.029
HG02013,0.033,0.016,0.035
HG02014,0.023,0.02,0.03
HG02016,0.02,0.019,0.028
HG02017,0.028,0.026,0.04
HG02019,0.021,0.019,0.028
HG02020,0.019,0.019,0.027
HG02023,0.018,0.018,0.026
HG02025,0.021,0.021,0.033
HG02026,0.023,0.02,0.031
HG02028,0.021,0.022,0.033
HG02029,0.032,0.02,0.036
HG02031,0.019,0.009,0.02
HG02032,0.027,0.025,0.037
HG02035,0.018,0.011,0.019
HG02040,0.009,0.0,0.008
HG02047,0.01,0.01,0.018
HG02048,0.025,0.01,0.026
HG02049,0.016,0.012,0.018
HG02050,0.016,0.015,0.021
HG02051,0.034,0.026,0.041
HG02052,0.028,0.021,0.035
HG02053,0.029,0.019,0.032
HG02054,0.038,0.038,0.057
HG02057,0.024,0.017,0.026
HG02058,0.009,0.009,0.01
HG02060,0.018,0.009,0.019
HG02061,0.019,0.024,0.033
HG02064,0.028,0.02,0.033
HG02067,0.028,0.018,0.032
HG02069,0.029,0.023,0.037
HG02070,0.024,0.019,0.03
HG02072,0.018,0.018,0.025
HG02073,0.029,0.018,0.032
HG02075,0.022,0.017,0.027
HG02076,0.026,0.019,0.032
HG02078,0.022,0.019,0.03
HG02079,0.024,0.02,0.031
HG02081,0.01,0.018,0.021
HG02082,0.019,0.012,0.022
HG02084,0.028,0.02,0.034
HG02085,0.026,0.021,0.031
HG02086,0.038,0.034,0.051
HG02087,0.019,0.018,0.028
HG02088,0.019,0.017,0.025
HG02089,0.026,0.021,0.034
HG02090,0.027,0.025,0.036
HG02095,0.018,0.023,0.03
HG02102,0.031,0.021,0.04
HG02104,0.017,0.02,0.027
HG02105,0.028,0.021,0.035
HG02107,0.023,0.016,0.028
HG02108,0.025,0.019,0.029
HG02111,0.024,0.028,0.038
HG02113,0.035,0.021,0.039
HG02116,0.021,0.019,0.029
HG02121,0.021,0.02,0.03
HG02122,0.025,0.02,0.03
HG02127,0.02,0.018,0.027
HG02128,0.021,0.021,0.031
HG02130,0.025,0.026,0.036
HG02131,0.019,0.017,0.025
HG02133,0.032,0.018,0.036
HG02134,0.029,0.023,0.036
HG02136,0.021,0.023,0.031
HG02137,0.02,0.021,0.031
HG02138,0.028,0.02,0.033
HG02139,0.023,0.024,0.032
HG02140,0.024,0.026,0.035
HG02141,0.026,0.019,0.03
HG02142,0.018,0.02,0.027
HG02143,0.02,0.008,0.022
HG02144,0.037,0.022,0.041
HG02146,0.024,0.028,0.036
HG02147,0.028,0.018,0.033
HG02150,0.02,0.02,0.028
HG02151,0.008,0.017,0.017
HG02152,0.024,0.018,0.03
HG02153,0.018,0.017,0.021
HG02154,0.02,0.02,0.031
HG02155,0.029,0.028,0.039
HG02156,0.024,0.018,0.028
HG02164,0.022,0.023,0.031
HG02165,0.01,0.01,0.017
HG02166,0.018,0.021,0.029
HG02178,0.024,0.021,0.032
HG02179,0.024,0.018,0.028
HG02180,0.033,0.025,0.039
HG02181,0.028,0.021,0.034
HG02182,0.028,0.029,0.039
HG02184,0.015,0.018,0.023
HG02185,0.024,0.02,0.029
HG02186,0.032,0.029,0.043
HG02187,0.025,0.027,0.038
HG02188,0.022,0.018,0.028
HG02190,0.016,0.017,0.021
HG02215,0.027,0.022,0.034
HG02219,0.018,0.016,0.025
HG02220,0.022,0.02,0.03
HG02221,0.025,0.021,0.032
HG02223,0.018,0.018,0.026
HG02224,0.026,0.021,0.032
HG02230,0.024,0.02,0.031
HG02231,0.025,0.024,0.034
HG02232,0.024,0.017,0.028
HG02233,0.02,0.024,0.032
HG02235,0.026,0.019,0.03
HG02236,0.017,0.022,0.028
HG02238,0.02,0.019,0.027
HG02239,0.029,0.026,0.038
HG02250,0.016,0.02,0.027
HG02252,0.015,0.016,0.02
HG02253,0.029,0.021,0.035
HG02255,0.022,0.026,0.034
HG02256,0.031,0.021,0.037
HG02259,0.015,0.022,0.026
HG02260,0.009,0.018,0.021
HG02262,0.024,0.026,0.036
HG02265,0.026,0.012,0.028
HG02266,0.027,0.023,0.034
HG02271,0.02,0.018,0.027
HG02272,0.021,0.029,0.035
HG02274,0.021,0.023,0.029
HG02275,0.026,0.019,0.03
HG02277,0.027,0.017,0.029
HG02278,0.025,0.019,0.031
HG02281,0.034,0.023,0.041
HG02282,0.031,0.019,0.036
HG02283,0.013,0.024,0.03
HG02284,0.032,0.026,0.041
HG02285,0.029,0.025,0.038
HG02286,0.029,0.019,0.033
HG02291,0.028,0.022,0.034
HG02292,0.025,0.021,0.033
HG02298,0.02,0.019,0.028
HG02299,0.017,0.019,0.027
HG02301,0.019,0.021,0.031
HG02304,0.02,0.018,0.027
HG02307,0.028,0.024,0.036
HG02308,0.029,0.026,0.038
HG02309,0.031,0.03,0.043
HG02312,0.024,0.023,0.033
HG02314,0.027,0.021,0.034
HG02315,0.018,0.009,0.019
HG02317,0.029,0.023,0.036
HG02318,0.032,0.021,0.037
HG02322,0.022,0.022,0.032
HG02323,0.028,0.02,0.032
HG02325,0.03,0.029,0.044
HG02330,0.017,0.018,0.024
HG02332,0.019,0.018,0.028
HG02334,0.038,0.026,0.044
HG02337,0.04,0.02,0.045
HG02339,0.016,0.02,0.026
HG02343,0.02,0.011,0.022
HG02345,0.017,0.021,0.029
HG02348,0.033,0.023,0.039
HG02351,0.011,0.02,0.026
HG02353,0.021,0.022,0.032
HG02355,0.034,0.02,0.04
HG02356,0.025,0.024,0.034
HG02360,0.021,0.021,0.031
HG02364,0.01,0.017,0.018
HG02367,0.026,0.02,0.031
HG02371,0.019,0.029,0.035
HG02373,0.042,0.029,0.051
HG02374,0.008,0.018,0.019
HG02375,0.017,0.014,0.021
HG02379,0.025,0.025,0.036
HG02380,0.017,0.019,0.025
HG02382,0.024,0.019,0.031
HG02383,0.016,0.021,0.026
HG02384,0.02,0.017,0.023
HG02385,0.019,0.018,0.023
HG02386,0.009,0.023,0.027
HG02389,0.025,0.016,0.028
HG02390,0.025,0.028,0.039
HG02391,0.017,0.021,0.029
HG02392,0.028,0.028,0.038
HG02394,0.02,0.015,0.024
HG02395,0.018,0.018,0.026
HG02396,0.025,0.021,0.032
HG02397,0.026,0.019,0.031
HG02398,0.021,0.021,0.031
HG02399,0.029,0.027,0.04
HG02401,0.017,0.019,0.025
HG02402,0.022,0.027,0.036
HG02406,0.027,0.02,0.032
HG02407,0.011,0.019,0.024
HG02408,0.029,0.025,0.038
HG02409,0.03,0.019,0.037
HG02410,0.026,0.02,0.031
HG02419,0.029,0.024,0.036
HG02420,0.011,0.019,0.022
HG02425,0.021,0.025,0.034
HG02427,0.028,0.019,0.032
HG02429,0.027,0.02,0.035
HG02433,0.028,0.02,0.034
HG02439,0.017,0.017,0.022
HG02442,0.027,0.022,0.034
HG02445,0.032,0.028,0.043
HG02449,0.026,0.026,0.036
HG02450,0.03,0.034,0.046
HG02455,0.029,0.027,0.039
HG02461,0.019,0.018,0.027
HG02462,0.019,0.021,0.029
HG02464,0.018,0.016,0.021
HG02465,0.01,0.01,0.012
HG02470,0.027,0.026,0.038
HG02471,0.027,0.017,0.031
HG02476,0.018,0.017,0.025
HG02477,0.029,0.026,0.039
HG02479,0.024,0.019,0.03
HG02481,0.036,0.02,0.041
HG02484,0.024,0.02,0.03
HG02485,0.021,0.021,0.03
HG02489,0.023,0.024,0.032
HG02490,0.019,0.022,0.029
HG02491,0.03,0.02,0.036
HG02493,0.028,0.027,0.038
HG02494,0.008,0.019,0.024
HG02496,0.021,0.016,0.024
HG02497,0.028,0.019,0.034
HG02501,0.019,0.018,0.027
HG02502,0.012,0.019,0.022
HG02505,0.022,0.021,0.031
HG02508,0.026,0.025,0.035
HG02511,0.03,0.024,0.039
HG02512,0.019,0.023,0.031
HG02513,0.027,0.027,0.039
HG02521,0.019,0.023,0.031
HG02522,0.026,0.022,0.033
HG02536,0.017,0.022,0.028
HG02537,0.025,0.027,0.037
HG02541,0.019,0.019,0.027
HG02545,0.022,0.022,0.032
HG02546,0.025,0.019,0.03
HG02549,0.027,0.024,0.034
HG02554,0.027,0.02,0.033
HG02555,0.023,0.026,0.034
HG02557,0.016,0.01,0.018
HG02558,0.028,0.019,0.032
HG02561,0.022,0.015,0.026
HG02562,0.023,0.016,0.028
HG02568,0.028,0.022,0.036
HG02570,0.02,0.026,0.034
HG02571,0.027,0.025,0.036
HG02573,0.0,0.023,0.025
HG02574,0.021,0.018,0.024
HG02577,0.026,0.022,0.033
HG02580,0.021,0.019,0.03
HG02582,0.029,0.021,0.035
HG02583,0.031,0.028,0.04
HG02585,0.03,0.023,0.038
HG02586,0.028,0.02,0.035
HG02588,0.026,0.025,0.037
HG02589,0.023,0.024,0.034
HG02594,0.024,0.022,0.034
HG02595,0.025,0.028,0.039
HG02597,0.026,0.02,0.033
HG02600,0.028,0.025,0.037
HG02601,0.026,0.021,0.034
HG02603,0.027,0.024,0.036
HG02604,0.019,0.019,0.027
HG02610,0.025,0.019,0.031
HG02611,0.017,0.018,0.024
HG02613,0.024,0.023,0.033
HG02614,0.025,0.029,0.038
HG02620,0.034,0.029,0.043
HG02621,0.02,0.023,0.031
HG02623,0.028,0.024,0.037
HG02624,0.017,0.021,0.027
HG02628,0.026,0.031,0.042
HG02629,0.026,0.03,0.04
HG02634,0.018,0.018,0.026
HG02635,0.018,0.019,0.027
HG02642,0.019,0.021,0.03
HG02643,0.022,0.028,0.037
HG02645,0.02,0.019,0.028
HG02646,0.024,0.029,0.036
HG02648,0.018,0.009,0.019
HG02649,0.027,0.03,0.041
HG02651,0.019,0.022,0.03
HG02652,0.026,0.018,0.03
HG02654,0.028,0.023,0.036
HG02655,0.027,0.021,0.034
HG02657,0.026,0.03,0.041
HG02658,0.018,0.018,0.027
HG02660,0.026,0.026,0.036
HG02661,0.029,0.028,0.039
HG02666,0.021,0.022,0.03
HG02667,0.02,0.025,0.033
HG02675,0.02,0.019,0.028
HG02676,0.022,0.028,0.037
HG02678,0.017,0.018,0.021
HG02679,0.019,0.022,0.029
HG02681,0.021,0.022,0.033
HG02682,0.019,0.019,0.026
HG02684,0.019,0.028,0.035
HG02685,0.02,0.02,0.03
HG02687,0.019,0.02,0.029
HG02688,0.016,0.02,0.029
HG02690,0.02,0.025,0.032
HG02691,0.018,0.024,0.031
HG02694,0.019,0.019,0.028
HG02696,0.025,0.026,0.036
HG02697,0.021,0.027,0.035
HG02699,0.023,0.026,0.034
HG02700,0.02,0.026,0.035
HG02702,0.021,0.019,0.028
HG02703,0.027,0.033,0.044
HG02715,0.019,0.018,0.027
HG02716,0.016,0.022,0.028
HG02721,0.019,0.024,0.031
HG02722,0.017,0.018,0.023
HG02724,0.018,0.018,0.026
HG02725,0.015,0.017,0.022
HG02727,0.028,0.021,0.034
HG02728,0.027,0.025,0.036
HG02731,0.021,0.029,0.037
HG02733,0.019,0.02,0.029
HG02734,0.023,0.03,0.038
HG02736,0.02,0.022,0.03
HG02737,0.029,0.028,0.04
HG02756,0.016,0.01,0.018
HG02757,0.017,0.016,0.023
HG02759,0.027,0.029,0.04
HG02760,0.01,0.021,0.024
HG02763,0.024,0.022,0.031
HG02768,0.023,0.024,0.033
HG02769,0.024,0.023,0.032
HG02771,0.025,0.03,0.039
HG02772,0.028,0.024,0.036
HG02774,0.024,0.019,0.03
HG02775,0.01,0.013,0.018
HG02778,0.027,0.023,0.035
HG02780,0.023,0.023,0.033
HG02783,0.024,0.018,0.028
HG02784,0.021,0.025,0.034
HG02786,0.023,0.025,0.033
HG02787,0.033,0.029,0.043
HG02789,0.023,0.023,0.035
HG02790,0.022,0.028,0.037
HG02792,0.028,0.011,0.03
HG02793,0.019,0.018,0.026
HG02798,0.021,0.018,0.029
HG02799,0.018,0.03,0.037
HG02804,0.028,0.028,0.04
HG02805,0.01,0.02,0.025
HG02807,0.014,0.019,0.024
HG02808,0.031,0.035,0.048
HG02810,0.034,0.034,0.048
HG02811,0.032,0.033,0.045
HG02813,0.03,0.022,0.036
HG02814,0.016,0.017,0.023
HG02816,0.031,0.033,0.046
HG02817,0.023,0.039,0.046
HG02819,0.03,0.039,0.051
HG02820,0.036,0.03,0.045
HG02836,0.024,0.027,0.035
HG02837,0.025,0.02,0.031
HG02839,0.028,0.028,0.039
HG02840,0.02,0.032,0.039
HG02851,0.022,0.023,0.033
HG02852,0.028,0.021,0.033
HG02854,0.023,0.027,0.036
HG02855,0.03,0.026,0.04
HG02860,0.028,0.033,0.046
HG02861,0.027,0.026,0.037
HG02870,0.016,0.018,0.024
HG02878,0.028,0.027,0.038
HG02879,0.027,0.026,0.038
HG02881,0.019,0.028,0.035
HG02882,0.019,0.022,0.031
HG02884,0.024,0.03,0.04
HG02885,0.023,0.02,0.029
HG02887,0.019,0.025,0.032
HG02888,0.012,0.02,0.025
HG02890,0.022,0.019,0.029
HG02891,0.018,0.025,0.031
HG02895,0.02,0.027,0.034
HG02896,0.026,0.025,0.035
HG02922,0.026,0.027,0.039
HG02923,0.026,0.023,0.035
HG02938,0.018,0.014,0.022
HG02941,0.01,0.02,0.024
HG02943,0.016,0.024,0.028
HG02944,0.022,0.025,0.033
HG02946,0.02,0.018,0.026
HG02947,0.032,0.039,0.053
HG02952,0.022,0.022,0.032
HG02953,0.021,0.02,0.03
HG02968,0.033,0.022,0.041
HG02970,0.023,0.027,0.037
HG02971,0.032,0.028,0.043
HG02973,0.031,0.021,0.036
HG02974,0.0,0.018,0.019
HG02976,0.03,0.024,0.039
HG02977,0.021,0.022,0.032
HG02979,0.023,0.026,0.036
HG02981,0.021,0.02,0.031
HG02982,0.019,0.02,0.028
HG02983,0.019,0.02,0.03
HG03006,0.025,0.02,0.032
HG03007,0.017,0.021,0.028
HG03009,0.029,0.02,0.036
HG03012,0.021,0.028,0.036
HG03015,0.02,0.027,0.035
HG03016,0.019,0.022,0.03
HG03018,0.025,0.027,0.036
HG03019,0.0,0.018,0.019
HG03021,0.033,0.028,0.042
HG03022,0.017,0.019,0.026
HG03024,0.01,0.021,0.027
HG03025,0.028,0.02,0.034
HG03027,0.029,0.026,0.039
HG03028,0.029,0.033,0.045
HG03039,0.01,0.02,0.024
HG03040,0.017,0.021,0.029
HG03045,0.032,0.023,0.04
HG03046,0.026,0.024,0.037
HG03048,0.018,0.024,0.03
HG03049,0.031,0.022,0.039
HG03052,0.029,0.023,0.039
HG03054,0.021,0.023,0.032
HG03055,0.023,0.028,0.038
HG03057,0.022,0.024,0.034
HG03058,0.019,0.018,0.027
HG03060,0.019,0.027,0.034
HG03061,0.017,0.023,0.029
HG03063,0.024,0.027,0.035
HG03064,0.016,0.024,0.03
HG03066,0.025,0.019,0.032
HG03069,0.027,0.022,0.034
HG03072,0.015,0.025,0.03
HG03073,0.028,0.029,0.04
HG03074,0.023,0.029,0.037
HG03077,0.036,0.033,0.047
HG03078,0.031,0.027,0.04
HG03079,0.029,0.019,0.034
HG03081,0.019,0.015,0.022
HG03082,0.008,0.017,0.02
HG03084,0.033,0.03,0.046
HG03085,0.031,0.028,0.043
HG03086,0.018,0.01,0.02
HG03088,0.034,0.03,0.045
HG03091,0.03,0.033,0.046
HG03095,0.033,0.022,0.039
HG03096,0.018,0.025,0.029
HG03097,0.019,0.017,0.026
HG03099,0.026,0.022,0.033
HG03100,0.028,0.022,0.035
HG03103,0.017,0.024,0.032
HG03105,0.021,0.027,0.036
HG03108,0.015,0.017,0.024
HG03109,0.016,0.017,0.025
HG03111,0.016,0.018,0.022
HG03112,0.025,0.029,0.038
HG03114,0.018,0.02,0.027
HG03115,0.028,0.031,0.042
HG03117,0.017,0.017,0.026
HG03118,0.025,0.02,0.033
HG03120,0.024,0.026,0.036
HG03121,0.028,0.032,0.043
HG03123,0.025,0.02,0.031
HG03124,0.019,0.024,0.031
HG03126,0.016,0.021,0.027
HG03127,0.01,0.02,0.02
HG03129,0.025,0.03,0.039
HG03130,0.024,0.019,0.032
HG03132,0.022,0.023,0.034
HG03133,0.025,0.024,0.034
HG03135,0.02,0.021,0.03
HG03136,0.014,0.02,0.027
HG03139,0.023,0.025,0.033
HG03157,0.026,0.023,0.033
HG03159,0.018,0.024,0.031
HG03160,0.017,0.02,0.025
HG03162,0.026,0.019,0.031
HG03163,0.027,0.019,0.03
HG03166,0.017,0.01,0.019
HG03168,0.018,0.019,0.028
HG03169,0.02,0.017,0.026
HG03172,0.02,0.022,0.031
HG03175,0.022,0.018,0.029
HG03189,0.031,0.02,0.037
HG03190,0.023,0.025,0.034
HG03193,0.015,0.017,0.021
HG03195,0.019,0.018,0.027
HG03196,0.018,0.022,0.029
HG03198,0.019,0.022,0.032
HG03199,0.027,0.025,0.037
HG03202,0.017,0.019,0.023
HG03209,0.019,0.018,0.027
HG03212,0.019,0.019,0.027
HG03224,0.027,0.023,0.037
HG03225,0.025,0.019,0.031
HG03228,0.015,0.02,0.027
HG03229,0.022,0.025,0.035
HG03234,0.008,0.017,0.019
HG03235,0.043,0.031,0.054
HG03237,0.029,0.024,0.037
HG03238,0.033,0.025,0.043
HG03240,0.029,0.02,0.034
HG03241,0.028,0.025,0.038
HG03246,0.033,0.026,0.042
HG03247,0.02,0.026,0.035
HG03258,0.017,0.028,0.035
HG03259,0.022,0.024,0.034
HG03265,0.019,0.019,0.027
HG03267,0.022,0.018,0.028
HG03268,0.021,0.027,0.034
HG03270,0.015,0.015,0.022
HG03271,0.023,0.021,0.032
HG03279,0.021,0.018,0.026
HG03280,0.016,0.017,0.025
HG03291,0.019,0.019,0.027
HG03294,0.02,0.02,0.028
HG03295,0.023,0.019,0.03
HG03297,0.022,0.02,0.032
HG03298,0.019,0.022,0.031
HG03300,0.02,0.017,0.027
HG03301,0.019,0.019,0.028
HG03303,0.036,0.028,0.044
HG03304,0.019,0.028,0.036
HG03311,0.018,0.01,0.02
HG03313,0.02,0.022,0.032
HG03342,0.018,0.019,0.028
HG03343,0.019,0.02,0.027
HG03351,0.017,0.022,0.028
HG03352,0.019,0.017,0.025
HG03354,0.017,0.03,0.035
HG03363,0.023,0.024,0.035
HG03366,0.015,0.023,0.028
HG03367,0.024,0.023,0.033
HG03369,0.021,0.023,0.03
HG03370,0.023,0.02,0.032
HG03372,0.032,0.022,0.04
HG03376,0.02,0.026,0.035
HG03378,0.033,0.028,0.045
HG03380,0.024,0.026,0.037
HG03382,0.018,0.018,0.023
HG03385,0.02,0.016,0.027
HG03388,0.022,0.019,0.029
HG03391,0.03,0.025,0.039
HG03394,0.022,0.019,0.029
HG03397,0.015,0.019,0.025
HG03401,0.033,0.023,0.041
HG03410,0.019,0.019,0.027
HG03419,0.034,0.026,0.042
HG03428,0.03,0.035,0.049
HG03432,0.021,0.02,0.029
HG03433,0.015,0.015,0.022
HG03436,0.009,0.011,0.017
HG03437,0.028,0.023,0.038
HG03439,0.004,0.019,0.02
HG03442,0.02,0.021,0.032
HG03445,0.021,0.02,0.031
HG03446,0.02,0.025,0.032
HG03449,0.03,0.021,0.037
HG03451,0.031,0.021,0.037
HG03452,0.017,0.026,0.033
HG03455,0.019,0.018,0.028
HG03457,0.022,0.023,0.033
HG03458,0.021,0.02,0.029
HG03460,0.019,0.018,0.028
HG03461,0.028,0.017,0.031
HG03464,0.019,0.026,0.032
HG03469,0.011,0.021,0.026
HG03470,0.019,0.025,0.032
HG03472,0.023,0.022,0.035
HG03473,0.02,0.019,0.025
HG03476,0.028,0.022,0.035
HG03478,0.011,0.016,0.019
HG03479,0.034,0.026,0.043
HG03484,0.016,0.026,0.033
HG03485,0.018,0.021,0.029
HG03488,0.024,0.026,0.036
HG03490,0.027,0.021,0.034
HG03491,0.03,0.025,0.039
HG03499,0.016,0.016,0.023
HG03511,0.024,0.018,0.03
HG03514,0.025,0.028,0.038
HG03515,0.02,0.02,0.03
HG03517,0.021,0.025,0.033
HG03518,0.028,0.026,0.037
HG03520,0.031,0.026,0.04
HG03521,0.022,0.02,0.033
HG03538,0.023,0.025,0.033
HG03539,0.032,0.026,0.041
HG03547,0.027,0.021,0.033
HG03548,0.03,0.017,0.032
HG03556,0.026,0.019,0.033
HG03557,0.022,0.02,0.029
HG03558,0.03,0.021,0.036
HG03559,0.02,0.011,0.022
HG03563,0.017,0.02,0.027
HG03565,0.018,0.017,0.026
HG03567,0.028,0.019,0.032
HG03571,0.018,0.019,0.026
HG03572,0.031,0.022,0.039
HG03575,0.024,0.026,0.034
HG03577,0.024,0.021,0.033
HG03578,0.024,0.026,0.034
HG03583,0.024,0.019,0.031
HG03585,0.031,0.025,0.04
HG03589,0.012,0.018,0.021
HG03593,0.03,0.02,0.036
HG03594,0.017,0.028,0.034
HG03595,0.024,0.025,0.033
HG03598,0.011,0.026,0.032
HG03600,0.009,0.009,0.01
HG03603,0.018,0.019,0.025
HG03604,0.027,0.025,0.036
HG03607,0.02,0.026,0.033
HG03611,0.022,0.021,0.031
HG03615,0.017,0.019,0.026
HG03616,0.024,0.017,0.028
HG03619,0.019,0.021,0.028
HG03624,0.018,0.018,0.023
HG03625,0.02,0.024,0.032
HG03629,0.029,0.017,0.032
HG03631,0.016,0.025,0.028
HG03634,0.021,0.028,0.037
HG03636,0.019,0.024,0.029
HG03640,0.027,0.029,0.04
HG03642,0.024,0.018,0.029
HG03643,0.035,0.02,0.04
HG03644,0.025,0.035,0.043
HG03645,0.008,0.02,0.024
HG03646,0.013,0.026,0.031
HG03649,0.029,0.02,0.035
HG03652,0.02,0.016,0.025
HG03653,0.013,0.023,0.029
HG03660,0.014,0.016,0.021
HG03663,0.026,0.019,0.03
HG03667,0.017,0.018,0.025
HG03668,0.02,0.01,0.021
HG03672,0.03,0.028,0.041
HG03673,0.03,0.02,0.037
HG03679,0.026,0.02,0.032
HG03680,0.02,0.021,0.031
HG03681,0.028,0.023,0.035
HG03684,0.031,0.021,0.04
HG03685,0.02,0.022,0.033
HG03686,0.019,0.02,0.027
HG03687,0.025,0.013,0.03
HG03689,0.025,0.02,0.033
HG03690,0.027,0.02,0.032
HG03691,0.023,0.025,0.033
HG03692,0.032,0.025,0.04
HG03693,0.024,0.023,0.032
HG03694,0.03,0.025,0.041
HG03695,0.021,0.018,0.028
HG03696,0.027,0.019,0.033
HG03697,0.03,0.018,0.035
HG03698,0.03,0.022,0.038
HG03702,0.027,0.02,0.032
HG03703,0.022,0.022,0.033
HG03705,0.035,0.021,0.04
HG03706,0.01,0.02,0.025
HG03708,0.016,0.017,0.023
HG03709,0.022,0.029,0.039
HG03711,0.017,0.019,0.026
HG03713,0.025,0.025,0.036
HG03714,0.028,0.017,0.032
HG03716,0.025,0.022,0.033
HG03717,0.016,0.023,0.029
HG03718,0.019,0.018,0.023
HG03720,0.02,0.011,0.022
HG03722,0.018,0.019,0.028
HG03727,0.024,0.019,0.03
HG03729,0.027,0.024,0.037
HG03730,0.032,0.023,0.041
HG03731,0.023,0.019,0.03
HG03733,0.024,0.026,0.037
HG03736,0.02,0.021,0.031
HG03738,0.027,0.017,0.031
HG03740,0.029,0.011,0.03
HG03741,0.029,0.031,0.042
HG03742,0.025,0.019,0.032
HG03743,0.016,0.024,0.028
HG03744,0.028,0.025,0.038
HG03745,0.022,0.021,0.033
HG03746,0.023,0.02,0.032
HG03750,0.024,0.024,0.032
HG03752,0.018,0.018,0.024
HG03753,0.03,0.028,0.042
HG03754,0.028,0.033,0.045
HG03755,0.017,0.021,0.026
HG03756,0.019,0.024,0.031
HG03757,0.023,0.027,0.036
HG03760,0.029,0.02,0.035
HG03762,0.016,0.021,0.027
HG03765,0.024,0.024,0.036
HG03767,0.011,0.016,0.019
HG03770,0.0,0.019,0.019
HG03771,0.01,0.025,0.028
HG03772,0.018,0.018,0.025
HG03773,0.015,0.022,0.027
HG03774,0.019,0.024,0.032
HG03775,0.034,0.021,0.039
HG03777,0.03,0.024,0.038
HG03778,0.016,0.017,0.023
HG03779,0.027,0.02,0.034
HG03780,0.028,0.02,0.034
HG03781,0.031,0.022,0.038
HG03782,0.019,0.021,0.027
HG03784,0.03,0.025,0.039
HG03785,0.028,0.021,0.037
HG03786,0.02,0.023,0.031
HG03787,0.027,0.027,0.037
HG03788,0.022,0.019,0.03
HG03789,0.029,0.027,0.039
HG03790,0.021,0.017,0.027
HG03792,0.027,0.019,0.033
HG03793,0.037,0.025,0.045
HG03796,0.018,0.028,0.034
HG03800,0.018,0.021,0.029
HG03802,0.018,0.021,0.029
HG03803,0.019,0.017,0.022
HG03805,0.022,0.026,0.035
HG03808,0.028,0.019,0.033
HG03809,0.022,0.017,0.027
HG03812,0.018,0.02,0.028
HG03814,0.021,0.025,0.034
HG03815,0.017,0.017,0.026
HG03817,0.017,0.019,0.026
HG03821,0.018,0.028,0.033
HG03823,0.028,0.026,0.038
HG03824,0.023,0.023,0.033
HG03826,0.022,0.023,0.032
HG03829,0.01,0.022,0.026
HG03830,0.031,0.022,0.038
HG03832,0.016,0.024,0.031
HG03833,0.017,0.019,0.025
HG03836,0.021,0.017,0.027
HG03837,0.027,0.02,0.035
HG03838,0.018,0.018,0.026
HG03844,0.017,0.022,0.029
HG03846,0.024,0.024,0.033
HG03848,0.017,0.017,0.021
HG03849,0.024,0.026,0.037
HG03850,0.009,0.019,0.023
HG03851,0.02,0.018,0.027
HG03854,0.019,0.017,0.026
HG03856,0.019,0.02,0.028
HG03857,0.01,0.017,0.019
HG03858,0.016,0.03,0.035
HG03861,0.011,0.025,0.03
HG03862,0.021,0.017,0.027
HG03863,0.023,0.02,0.03
HG03864,0.022,0.019,0.029
HG03866,0.023,0.018,0.03
HG03867,0.03,0.024,0.038
HG03868,0.01,0.015,0.018
HG03869,0.015,0.016,0.02
HG03870,0.015,0.026,0.032
HG03871,0.009,0.021,0.024
HG03872,0.023,0.02,0.032
HG03873,0.028,0.026,0.038
HG03874,0.01,0.019,0.025
HG03875,0.019,0.016,0.025
HG03882,0.029,0.024,0.039
HG03884,0.028,0.019,0.031
HG03885,0.009,0.019,0.02
HG03886,0.035,0.031,0.047
HG03887,0.018,0.011,0.02
HG03888,0.019,0.027,0.034
HG03890,0.016,0.022,0.028
HG03894,0.017,0.024,0.03
HG03895,0.02,0.027,0.033
HG03896,0.019,0.028,0.034
HG03897,0.018,0.025,0.033
HG03898,0.018,0.019,0.027
HG03899,0.018,0.025,0.032
HG03900,0.032,0.022,0.04
HG03902,0.015,0.016,0.022
HG03905,0.011,0.019,0.023
HG03907,0.017,0.027,0.034
HG03908,0.0,0.016,0.017
HG03910,0.029,0.026,0.038
HG03911,0.026,0.02,0.033
HG03913,0.029,0.025,0.037
HG03914,0.011,0.019,0.022
HG03916,0.028,0.022,0.036
HG03917,0.008,0.008,0.008
HG03919,0.022,0.025,0.035
HG03920,0.022,0.023,0.033
HG03922,0.022,0.029,0.037
HG03925,0.026,0.026,0.038
HG03926,0.02,0.02,0.029
HG03928,0.019,0.019,0.027
HG03931,0.028,0.026,0.038
HG03934,0.02,0.03,0.036
HG03937,0.019,0.021,0.029
HG03940,0.016,0.021,0.028
HG03941,0.021,0.018,0.026
HG03943,0.02,0.024,0.032
HG03944,0.025,0.022,0.032
HG03945,0.015,0.019,0.026
HG03947,0.027,0.027,0.039
HG03949,0.018,0.019,0.028
HG03950,0.027,0.018,0.032
HG03951,0.022,0.023,0.034
HG03953,0.018,0.02,0.023
HG03955,0.009,0.02,0.025
HG03960,0.011,0.017,0.021
HG03963,0.021,0.029,0.037
HG03965,0.008,0.022,0.023
HG03967,0.015,0.023,0.028
HG03968,0.015,0.022,0.028
HG03969,0.009,0.018,0.022
HG03971,0.02,0.018,0.026
HG03973,0.031,0.03,0.043
HG03974,0.02,0.022,0.031
HG03976,0.019,0.024,0.031
HG03977,0.022,0.022,0.033
HG03978,0.014,0.021,0.027
HG03985,0.017,0.024,0.029
HG03986,0.021,0.026,0.034
HG03989,0.014,0.018,0.024
HG03990,0.016,0.022,0.027
HG03991,0.011,0.025,0.03
HG03995,0.026,0.031,0.04
HG03998,0.017,0.018,0.024
HG03999,0.019,0.031,0.038
HG04001,0.023,0.033,0.042
HG04002,0.018,0.017,0.024
HG04003,0.015,0.025,0.031
HG04006,0.014,0.018,0.025
HG04014,0.015,0.015,0.019
HG04015,0.029,0.025,0.039
HG04017,0.017,0.021,0.027
HG04018,0.025,0.029,0.038
HG04019,0.018,0.027,0.034
HG04020,0.016,0.018,0.025
HG04022,0.016,0.019,0.025
HG04023,0.009,0.016,0.018
HG04025,0.019,0.026,0.033
HG04026,0.024,0.02,0.032
HG04029,0.019,0.024,0.03
HG04033,0.009,0.018,0.023
HG04035,0.022,0.021,0.03
HG04038,0.011,0.021,0.027
HG04039,0.0,0.02,0.02
HG04042,0.014,0.019,0.024
HG04047,0.015,0.021,0.026
HG04054,0.014,0.019,0.024
HG04056,0.011,0.02,0.023
HG04059,0.009,0.022,0.026
HG04060,0.008,0.022,0.025
HG04061,0.016,0.022,0.025
HG04062,0.021,0.027,0.033
HG04063,0.022,0.02,0.029
HG04070,0.01,0.02,0.025
HG04075,0.017,0.027,0.034
HG04076,0.021,0.027,0.033
HG04080,0.008,0.021,0.022
HG04090,0.01,0.025,0.029
HG04093,0.017,0.018,0.024
HG04094,0.017,0.025,0.031
HG04096,0.016,0.029,0.035
HG04098,0.019,0.024,0.031
HG04099,0.017,0.022,0.029
HG04100,0.007,0.015,0.019
HG04106,0.008,0.023,0.026
HG04107,0.009,0.019,0.022
HG04118,0.016,0.022,0.03
HG04131,0.009,0.021,0.026
HG04134,0.016,0.023,0.027
HG04140,0.019,0.03,0.037
HG04141,0.015,0.028,0.034
HG04144,0.01,0.027,0.031
HG04146,0.016,0.019,0.025
HG04152,0.014,0.021,0.025
HG04153,0.014,0.028,0.033
HG04155,0.017,0.018,0.025
HG04156,0.016,0.025,0.031
HG04158,0.011,0.028,0.031
HG04159,0.021,0.027,0.035
HG04161,0.018,0.02,0.026
HG04162,0.011,0.026,0.03
HG04164,0.008,0.022,0.023
HG04171,0.015,0.026,0.032
HG04173,0.018,0.028,0.035
HG04176,0.024,0.03,0.038
HG04177,0.012,0.027,0.03
HG04180,0.018,0.017,0.025
HG04182,0.018,0.025,0.03
HG04183,0.016,0.029,0.035
HG04185,0.011,0.033,0.038
HG04186,0.015,0.024,0.029
HG04188,0.009,0.018,0.024
HG04189,0.0,0.021,0.022
HG04194,0.01,0.024,0.028
HG04195,0.017,0.025,0.03
HG04198,0.007,0.019,0.022
HG04200,0.008,0.02,0.024
HG04202,0.011,0.021,0.024
HG04206,0.015,0.025,0.03
HG04209,0.01,0.021,0.026
HG04210,0.015,0.021,0.026
HG04211,0.015,0.022,0.027
HG04212,0.015,0.022,0.027
HG04214,0.013,0.023,0.027
HG04216,0.018,0.039,0.045
HG04219,0.017,0.028,0.034
HG04222,0.018,0.032,0.038
HG04225,0.009,0.023,0.025
HG04227,0.015,0.026,0.031
HG04229,0.01,0.024,0.03
HG04235,0.017,0.027,0.033
HG04238,0.03,0.034,0.046
HG04239,0.01,0.021,0.027
NA06984,0.024,0.016,0.026
NA06985,0.017,0.016,0.022
NA06986,0.02,0.029,0.036
NA06989,0.02,0.029,0.036
NA06994,0.028,0.02,0.033
NA07000,0.026,0.017,0.031
NA07037,0.019,0.024,0.031
NA07048,0.022,0.019,0.029
NA07051,0.021,0.019,0.027
NA07056,0.02,0.018,0.027
NA07347,0.008,0.016,0.018
NA07357,0.012,0.011,0.019
NA10847,0.037,0.031,0.048
NA10851,0.022,0.018,0.029
NA11829,0.03,0.021,0.036
NA11830,0.016,0.016,0.02
NA11831,0.02,0.018,0.027
NA11832,0.029,0.024,0.036
NA11840,0.035,0.033,0.048
NA11843,0.018,0.02,0.029
NA11881,0.028,0.027,0.04
NA11892,0.029,0.018,0.035
NA11893,0.029,0.027,0.041
NA11894,0.024,0.022,0.031
NA11918,0.018,0.019,0.026
NA11919,0.017,0.01,0.018
NA11920,0.025,0.023,0.036
NA11930,0.018,0.021,0.029
NA11931,0.018,0.009,0.019
NA11932,0.029,0.024,0.037
NA11933,0.027,0.01,0.029
NA11992,0.028,0.029,0.04
NA11994,0.022,0.026,0.036
NA11995,0.031,0.021,0.038
NA12003,0.025,0.026,0.036
NA12004,0.023,0.024,0.033
NA12005,0.019,0.025,0.031
NA12006,0.023,0.041,0.048
NA12043,0.018,0.016,0.023
NA12044,0.009,0.008,0.01
NA12045,0.019,0.01,0.024
NA12046,0.025,0.013,0.029
NA12058,0.018,0.009,0.019
NA12144,0.0,0.018,0.019
NA12154,0.022,0.02,0.03
NA12155,0.027,0.019,0.033
NA12156,0.018,0.012,0.022
NA12234,0.011,0.03,0.035
NA12249,0.025,0.025,0.036
NA12272,0.02,0.02,0.029
NA12273,0.033,0.032,0.048
NA12275,0.024,0.021,0.032
NA12282,0.019,0.027,0.035
NA12283,0.029,0.03,0.043
NA12286,0.033,0.028,0.042
NA12287,0.02,0.025,0.034
NA12340,0.01,0.01,0.017
NA12341,0.018,0.016,0.023
NA12342,0.025,0.023,0.035
NA12347,0.028,0.026,0.038
NA12348,0.026,0.019,0.032
NA12383,0.02,0.017,0.026
NA12399,0.023,0.033,0.041
NA12400,0.033,0.028,0.042
NA12413,0.012,0.018,0.021
NA12414,0.029,0.011,0.032
NA12489,0.024,0.016,0.027
NA12546,0.01,0.022,0.028
NA12716,0.008,0.01,0.015
NA12717,0.015,0.009,0.017
NA12718,0.03,0.02,0.036
NA12748,0.022,0.018,0.028
NA12749,0.041,0.037,0.055
NA12750,0.025,0.027,0.037
NA12751,0.022,0.015,0.025
NA12760,0.015,0.022,0.027
NA12761,0.021,0.02,0.029
NA12762,0.033,0.031,0.046
NA12763,0.023,0.016,0.027
NA12775,0.027,0.026,0.038
NA12776,0.027,0.026,0.035
NA12777,0.031,0.041,0.052
NA12778,0.033,0.023,0.041
NA12812,0.02,0.021,0.029
NA12813,0.022,0.023,0.032
NA12814,0.045,0.044,0.063
NA12815,0.027,0.017,0.032
NA12827,0.015,0.018,0.023
NA12828,0.02,0.027,0.035
NA12829,0.022,0.025,0.034
NA12830,0.0,0.011,0.014
NA12842,0.011,0.02,0.027
NA12843,0.009,0.023,0.028
NA12872,0.025,0.032,0.043
NA12873,0.014,0.025,0.03
NA12874,0.018,0.025,0.031
NA12878,0.02,0.01,0.024
NA12889,0.027,0.031,0.043
NA12890,0.02,0.013,0.025
NA18486,0.02,0.018,0.026
NA18488,0.017,0.02,0.025
NA18489,0.024,0.02,0.032
NA18498,0.022,0.019,0.03
NA18499,0.025,0.024,0.033
NA18501,0.038,0.027,0.044
NA18502,0.029,0.021,0.036
NA18504,0.024,0.026,0.036
NA18505,0.019,0.026,0.034
NA18507,0.034,0.029,0.044
NA18508,0.031,0.029,0.043
NA18510,0.029,0.019,0.032
NA18511,0.025,0.022,0.033
NA18516,0.027,0.024,0.035
NA18517,0.02,0.034,0.041
NA18519,0.01,0.019,0.02
NA18520,0.019,0.01,0.021
NA18522,0.019,0.018,0.024
NA18523,0.017,0.009,0.018
NA18525,0.023,0.034,0.043
NA18526,0.03,0.033,0.045
NA18528,0.028,0.021,0.035
NA18530,0.017,0.018,0.024
NA18531,0.04,0.032,0.051
NA18532,0.023,0.019,0.03
NA18533,0.033,0.02,0.038
NA18534,0.031,0.019,0.035
NA18535,0.034,0.028,0.043
NA18536,0.01,0.019,0.021
NA18537,0.03,0.03,0.043
NA18538,0.023,0.019,0.028
NA18539,0.017,0.018,0.026
NA18541,0.009,0.017,0.022
NA18542,0.028,0.023,0.037
NA18543,0.026,0.025,0.037
NA18544,0.027,0.026,0.038
NA18545,0.023,0.023,0.033
NA18546,0.027,0.022,0.032
NA18547,0.027,0.028,0.04
NA18548,0.02,0.02,0.029
NA18549,0.022,0.018,0.026
NA18550,0.031,0.028,0.041
NA18552,0.027,0.022,0.035
NA18553,0.017,0.017,0.024
NA18555,0.026,0.025,0.036
NA18557,0.021,0.019,0.029
NA18558,0.014,0.019,0.026
NA18559,0.024,0.021,0.031
NA18560,0.03,0.023,0.038
NA18561,0.017,0.01,0.018
NA18562,0.026,0.027,0.038
NA18563,0.021,0.017,0.027
NA18564,0.029,0.01,0.03
NA18565,0.012,0.023,0.027
NA18566,0.02,0.021,0.028
NA18567,0.016,0.017,0.02
NA18570,0.023,0.018,0.03
NA18571,0.025,0.023,0.034
NA18572,0.026,0.027,0.038
NA18573,0.019,0.019,0.028
NA18574,0.028,0.028,0.038
NA18577,0.024,0.019,0.03
NA18579,0.017,0.029,0.038
NA18582,0.023,0.018,0.028
NA18591,0.025,0.02,0.032
NA18592,0.018,0.015,0.022
NA18593,0.017,0.017,0.021
NA18595,0.032,0.021,0.041
NA18596,0.01,0.011,0.018
NA18597,0.031,0.023,0.037
NA18599,0.027,0.023,0.034
NA18602,0.02,0.01,0.021
NA18603,0.021,0.018,0.029
NA18605,0.016,0.016,0.019
NA18606,0.022,0.019,0.027
NA18608,0.011,0.021,0.027
NA18609,0.024,0.029,0.039
NA18610,0.028,0.023,0.036
NA18611,0.021,0.017,0.027
NA18612,0.012,0.014,0.018
NA18613,0.025,0.024,0.035
NA18614,0.025,0.021,0.034
NA18615,0.032,0.025,0.041
NA18616,0.026,0.022,0.033
NA18617,0.012,0.02,0.025
NA18618,0.027,0.018,0.033
NA18619,0.016,0.018,0.024
NA18620,0.025,0.018,0.03
NA18621,0.02,0.021,0.03
NA18622,0.021,0.01,0.024
NA18623,0.02,0.024,0.031
NA18624,0.02,0.022,0.031
NA18625,0.019,0.018,0.025
NA18626,0.018,0.022,0.03
NA18627,0.026,0.025,0.034
NA18628,0.03,0.03,0.043
NA18629,0.016,0.021,0.027
NA18630,0.018,0.02,0.027
NA18631,0.02,0.019,0.027
NA18632,0.01,0.01,0.017
NA18633,0.018,0.013,0.021
NA18634,0.028,0.025,0.037
NA18635,0.027,0.025,0.035
NA18636,0.021,0.016,0.026
NA18637,0.019,0.023,0.03
NA18638,0.015,0.017,0.022
NA18639,0.021,0.025,0.035
NA18640,0.025,0.02,0.031
NA18641,0.032,0.027,0.042
NA18642,0.022,0.025,0.033
NA18643,0.017,0.019,0.026
NA18644,0.007,0.021,0.022
NA18645,0.021,0.024,0.033
NA18646,0.01,0.019,0.022
NA18647,0.026,0.023,0.033
NA18648,0.021,0.022,0.031
NA18740,0.019,0.019,0.028
NA18745,0.011,0.018,0.021
NA18747,0.02,0.015,0.026
NA18748,0.012,0.017,0.023
NA18749,0.029,0.026,0.04
NA18757,0.032,0.026,0.041
NA18853,0.022,0.026,0.036
NA18856,0.021,0.018,0.028
NA18858,0.029,0.024,0.036
NA18861,0.028,0.028,0.04
NA18864,0.024,0.019,0.032
NA18865,0.033,0.022,0.041
NA18867,0.019,0.02,0.028
NA18868,0.009,0.019,0.021
NA18870,0.017,0.018,0.026
NA18871,0.014,0.007,0.016
NA18873,0.025,0.016,0.028
NA18874,0.0,0.018,0.019
NA18876,0.022,0.017,0.027
NA18877,0.02,0.01,0.024
NA18878,0.016,0.016,0.022
NA18879,0.015,0.015,0.02
NA18881,0.021,0.025,0.032
NA18907,0.037,0.025,0.045
NA18908,0.029,0.024,0.036
NA18909,0.033,0.025,0.041
NA18910,0.027,0.018,0.03
NA18912,0.028,0.028,0.039
NA18915,0.023,0.024,0.033
NA18916,0.028,0.025,0.037
NA18917,0.029,0.025,0.038
NA18923,0.03,0.023,0.039
NA18924,0.024,0.017,0.028
NA18933,0.0,0.018,0.02
NA18934,0.019,0.018,0.024
NA18939,0.01,0.023,0.029
NA18940,0.017,0.027,0.033
NA18941,0.023,0.018,0.028
NA18942,0.026,0.029,0.04
NA18943,0.009,0.019,0.022
NA18944,0.022,0.019,0.03
NA18945,0.02,0.02,0.03
NA18946,0.026,0.022,0.033
NA18947,0.028,0.03,0.042
NA18948,0.025,0.02,0.031
NA18949,0.02,0.018,0.027
NA18950,0.024,0.019,0.029
NA18951,0.023,0.024,0.033
NA18952,0.017,0.011,0.02
NA18953,0.02,0.021,0.031
NA18954,0.017,0.028,0.034
NA18956,0.029,0.026,0.039
NA18957,0.025,0.019,0.03
NA18959,0.024,0.022,0.03
NA18960,0.019,0.019,0.028
NA18961,0.023,0.02,0.032
NA18962,0.021,0.019,0.029
NA18963,0.019,0.02,0.029
NA18964,0.021,0.019,0.03
NA18965,0.028,0.031,0.043
NA18966,0.027,0.034,0.044
NA18967,0.014,0.017,0.02
NA18968,0.027,0.035,0.046
NA18969,0.018,0.024,0.032
NA18970,0.032,0.033,0.047
NA18971,0.009,0.02,0.024
NA18972,0.016,0.024,0.031
NA18973,0.027,0.024,0.036
NA18974,0.017,0.02,0.026
NA18975,0.018,0.024,0.029
NA18976,0.025,0.023,0.036
NA18977,0.019,0.019,0.028
NA18978,0.027,0.022,0.035
NA18979,0.019,0.024,0.031
NA18980,0.009,0.016,0.018
NA18981,0.011,0.011,0.019
NA18982,0.02,0.011,0.021
NA18983,0.022,0.02,0.031
NA18984,0.017,0.009,0.017
NA18985,0.02,0.02,0.03
NA18986,0.017,0.016,0.021
NA18987,0.033,0.022,0.04
NA18988,0.021,0.015,0.024
NA18989,0.013,0.014,0.018
NA18990,0.025,0.018,0.029
NA18991,0.02,0.01,0.023
NA18992,0.033,0.02,0.038
NA18993,0.02,0.012,0.021
NA18994,0.021,0.017,0.025
NA18995,0.019,0.023,0.031
NA18997,0.02,0.019,0.029
NA18998,0.024,0.018,0.028
NA18999,0.024,0.019,0.03
NA19000,0.025,0.017,0.029
NA19001,0.024,0.017,0.027
NA19002,0.022,0.019,0.03
NA19003,0.04,0.022,0.047
NA19004,0.02,0.018,0.026
NA19005,0.019,0.02,0.028
NA19006,0.02,0.019,0.028
NA19007,0.031,0.022,0.038
NA19009,0.017,0.021,0.026
NA19010,0.02,0.017,0.026
NA19011,0.023,0.02,0.03
NA19012,0.017,0.016,0.023
NA19017,0.017,0.016,0.023
NA19019,0.019,0.017,0.025
NA19020,0.02,0.017,0.026
NA19023,0.012,0.019,0.023
NA19024,0.02,0.019,0.029
NA19025,0.017,0.017,0.022
NA19026,0.023,0.024,0.031
NA19027,0.015,0.019,0.024
NA19028,0.025,0.019,0.03
NA19030,0.02,0.022,0.029
NA19031,0.011,0.018,0.022
NA19035,0.025,0.022,0.034
NA19036,0.011,0.021,0.025
NA19037,0.022,0.021,0.03
NA19038,0.017,0.018,0.025
NA19041,0.033,0.027,0.042
NA19042,0.014,0.015,0.018
NA19043,0.023,0.022,0.03
NA19054,0.019,0.017,0.024
NA19055,0.022,0.019,0.03
NA19056,0.02,0.011,0.025
NA19057,0.032,0.03,0.044
NA19058,0.025,0.02,0.031
NA19059,0.021,0.019,0.03
NA19060,0.019,0.018,0.026
NA19062,0.024,0.021,0.032
NA19063,0.026,0.026,0.037
NA19064,0.031,0.026,0.041
NA19065,0.02,0.019,0.028
NA19066,0.029,0.021,0.034
NA19067,0.029,0.025,0.038
NA19068,0.019,0.02,0.028
NA19070,0.019,0.019,0.027
NA19072,0.022,0.018,0.028
NA19074,0.024,0.024,0.033
NA19075,0.027,0.017,0.03
NA19076,0.017,0.017,0.025
NA19077,0.024,0.019,0.03
NA19078,0.018,0.02,0.028
NA19079,0.012,0.02,0.025
NA19080,0.033,0.031,0.046
NA19081,0.023,0.011,0.025
NA19082,0.031,0.03,0.044
NA19083,0.029,0.021,0.034
NA19084,0.026,0.018,0.032
NA19085,0.025,0.021,0.034
NA19086,0.019,0.016,0.024
NA19087,0.011,0.017,0.021
NA19088,0.017,0.019,0.027
NA19089,0.025,0.023,0.033
NA19090,0.021,0.02,0.028
NA19091,0.022,0.017,0.027
NA19092,0.024,0.019,0.03
NA19093,0.022,0.029,0.039
NA19095,0.011,0.03,0.033
NA19096,0.019,0.019,0.027
NA19098,0.029,0.028,0.042
NA19099,0.03,0.026,0.042
NA19102,0.025,0.019,0.031
NA19107,0.005,0.018,0.018
NA19108,0.03,0.026,0.041
NA19113,0.016,0.033,0.037
NA19114,0.013,0.021,0.027
NA19116,0.031,0.035,0.049
NA19117,0.011,0.025,0.029
NA19118,0.023,0.018,0.031
NA19119,0.02,0.019,0.026
NA19121,0.009,0.019,0.021
NA19129,0.031,0.024,0.039
NA19130,0.018,0.024,0.03
NA19131,0.018,0.019,0.03
NA19137,0.022,0.021,0.033
NA19138,0.017,0.009,0.017
NA19141,0.029,0.02,0.035
NA19143,0.033,0.04,0.053
NA19144,0.021,0.017,0.025
NA19146,0.032,0.029,0.042
NA19147,0.022,0.025,0.032
NA19149,0.025,0.019,0.03
NA19152,0.026,0.02,0.032
NA19153,0.018,0.018,0.027
NA19159,0.026,0.022,0.033
NA19160,0.027,0.01,0.028
NA19171,0.021,0.021,0.03
NA19172,0.022,0.026,0.036
NA19175,0.026,0.029,0.039
NA19184,0.021,0.018,0.027
NA19185,0.023,0.018,0.029
NA19189,0.023,0.02,0.032
NA19190,0.018,0.019,0.027
NA19197,0.021,0.018,0.029
NA19198,0.018,0.024,0.03
NA19200,0.02,0.016,0.024
NA19201,0.017,0.019,0.023
NA19204,0.019,0.025,0.032
NA19206,0.032,0.037,0.049
NA19207,0.023,0.03,0.039
NA19209,0.021,0.016,0.026
NA19210,0.025,0.022,0.033
NA19213,0.021,0.019,0.028
NA19214,0.032,0.026,0.042
NA19222,0.028,0.028,0.04
NA19223,0.019,0.027,0.036
NA19225,0.02,0.02,0.027
NA19235,0.016,0.021,0.028
NA19236,0.018,0.018,0.025
NA19238,0.025,0.022,0.035
NA19239,0.023,0.021,0.032
NA19247,0.026,0.021,0.034
NA19248,0.021,0.018,0.029
NA19256,0.018,0.02,0.026
NA19257,0.029,0.03,0.043
NA19307,0.027,0.023,0.035
NA19308,0.016,0.028,0.034
NA19309,0.023,0.021,0.031
NA19310,0.024,0.019,0.029
NA19312,0.022,0.018,0.028
NA19314,0.02,0.024,0.031
NA19315,0.025,0.019,0.032
NA19316,0.021,0.03,0.037
NA19317,0.027,0.014,0.029
NA19318,0.035,0.017,0.038
NA19319,0.027,0.025,0.036
NA19320,0.034,0.019,0.04
NA19321,0.033,0.025,0.041
NA19323,0.02,0.02,0.029
NA19324,0.018,0.019,0.027
NA19327,0.017,0.017,0.024
NA19328,0.027,0.02,0.032
NA19331,0.022,0.022,0.032
NA19332,0.021,0.01,0.021
NA19334,0.019,0.019,0.028
NA19338,0.028,0.019,0.033
NA19346,0.02,0.026,0.031
NA19347,0.019,0.023,0.03
NA19350,0.01,0.01,0.018
NA19351,0.022,0.025,0.031
NA19355,0.025,0.019,0.03
NA19360,0.021,0.022,0.032
NA19372,0.031,0.039,0.052
NA19374,0.014,0.022,0.027
NA19375,0.017,0.015,0.02
NA19376,0.019,0.02,0.03
NA19377,0.027,0.023,0.036
NA19378,0.029,0.022,0.036
NA19379,0.028,0.029,0.041
NA19380,0.01,0.019,0.022
NA19383,0.036,0.025,0.043
NA19384,0.03,0.018,0.036
NA19385,0.019,0.022,0.03
NA19390,0.029,0.013,0.031
NA19391,0.03,0.027,0.039
NA19393,0.021,0.02,0.03
NA19394,0.034,0.02,0.038
NA19395,0.026,0.026,0.036
NA19397,0.019,0.017,0.024
NA19399,0.021,0.018,0.028
NA19401,0.02,0.022,0.03
NA19403,0.02,0.02,0.027
NA19404,0.027,0.025,0.036
NA19428,0.02,0.026,0.033
NA19429,0.029,0.021,0.038
NA19430,0.024,0.018,0.028
NA19431,0.017,0.02,0.028
NA19434,0.01,0.016,0.019
NA19435,0.031,0.019,0.037
NA19436,0.028,0.017,0.032
NA19437,0.017,0.02,0.028
NA19438,0.016,0.012,0.019
NA19439,0.021,0.019,0.029
NA19440,0.031,0.017,0.036
NA19443,0.023,0.017,0.028
NA19445,0.032,0.022,0.04
NA19446,0.015,0.029,0.035
NA19448,0.024,0.024,0.034
NA19449,0.031,0.029,0.042
NA19451,0.017,0.018,0.026
NA19452,0.019,0.02,0.029
NA19454,0.01,0.018,0.025
NA19455,0.019,0.019,0.027
NA19456,0.024,0.026,0.035
NA19457,0.017,0.018,0.025
NA19461,0.031,0.026,0.041
NA19462,0.027,0.032,0.042
NA19463,0.032,0.03,0.044
NA19466,0.02,0.024,0.03
NA19467,0.022,0.026,0.034
NA19468,0.015,0.016,0.019
NA19471,0.035,0.021,0.041
NA19472,0.041,0.035,0.055
NA19473,0.038,0.036,0.054
NA19474,0.026,0.02,0.035
NA19475,0.032,0.021,0.04
NA19625,0.031,0.021,0.04
NA19648,0.028,0.02,0.036
NA19649,0.02,0.021,0.029
NA19651,0.028,0.023,0.038
NA19652,0.03,0.026,0.04
NA19654,0.024,0.017,0.028
NA19655,0.027,0.034,0.045
NA19657,0.033,0.023,0.041
NA19658,0.025,0.016,0.028
NA19661,0.026,0.029,0.038
NA19663,0.02,0.02,0.03
NA19664,0.029,0.021,0.035
NA19669,0.009,0.02,0.025
NA19670,0.027,0.021,0.034
NA19676,0.024,0.019,0.03
NA19678,0.013,0.014,0.02
NA19679,0.009,0.018,0.019
NA19681,0.017,0.018,0.022
NA19682,0.027,0.02,0.034
NA19684,0.018,0.018,0.025
NA19700,0.019,0.017,0.024
NA19701,0.021,0.02,0.03
NA19703,0.016,0.016,0.021
NA19704,0.021,0.019,0.029
NA19707,0.029,0.026,0.039
NA19711,0.023,0.015,0.026
NA19712,0.023,0.02,0.03
NA19713,0.027,0.019,0.031
NA19716,0.03,0.021,0.037
NA19717,0.009,0.017,0.019
NA19719,0.008,0.016,0.018
NA19720,0.029,0.03,0.044
NA19722,0.023,0.031,0.039
NA19723,0.029,0.034,0.045
NA19725,0.022,0.022,0.032
NA19726,0.02,0.03,0.038
NA19728,0.021,0.028,0.038
NA19729,0.033,0.022,0.04
NA19731,0.032,0.025,0.041
NA19732,0.028,0.019,0.034
NA19734,0.029,0.021,0.037
NA19735,0.018,0.02,0.028
NA19740,0.031,0.019,0.034
NA19741,0.027,0.019,0.031
NA19746,0.034,0.032,0.047
NA19747,0.036,0.043,0.057
NA19749,0.023,0.02,0.03
NA19750,0.025,0.018,0.029
NA19752,0.031,0.02,0.038
NA19755,0.026,0.022,0.034
NA19756,0.03,0.021,0.038
NA19758,0.015,0.016,0.019
NA19759,0.029,0.024,0.038
NA19761,0.023,0.02,0.031
NA19762,0.035,0.031,0.048
NA19764,0.033,0.02,0.038
NA19770,0.025,0.02,0.032
NA19771,0.029,0.021,0.034
NA19773,0.028,0.023,0.037
NA19774,0.027,0.019,0.033
NA19776,0.03,0.018,0.034
NA19777,0.031,0.033,0.048
NA19779,0.026,0.019,0.033
NA19780,0.023,0.028,0.037
NA19782,0.009,0.018,0.018
NA19783,0.03,0.03,0.041
NA19785,0.031,0.036,0.047
NA19786,0.023,0.016,0.028
NA19788,0.031,0.026,0.04
NA19789,0.027,0.016,0.03
NA19792,0.02,0.017,0.026
NA19794,0.019,0.026,0.034
NA19795,0.021,0.018,0.029
NA19818,0.019,0.018,0.026
NA19819,0.025,0.025,0.034
NA19834,0.019,0.019,0.025
NA19835,0.023,0.02,0.03
NA19900,0.018,0.021,0.029
NA19901,0.02,0.013,0.026
NA19904,0.021,0.02,0.03
NA19908,0.021,0.017,0.028
NA19909,0.03,0.022,0.036
NA19913,0.027,0.026,0.036
NA19914,0.021,0.02,0.03
NA19916,0.022,0.021,0.03
NA19917,0.009,0.02,0.023
NA19920,0.009,0.019,0.02
NA19921,0.024,0.019,0.029
NA19922,0.009,0.029,0.032
NA19923,0.021,0.023,0.028
NA19982,0.01,0.021,0.025
NA19984,0.028,0.03,0.041
NA20126,0.011,0.019,0.025
NA20127,0.015,0.014,0.02
NA20274,0.036,0.036,0.051
NA20276,0.008,0.018,0.019
NA20278,0.009,0.022,0.027
NA20281,0.01,0.011,0.013
NA20282,0.011,0.025,0.029
NA20287,0.029,0.023,0.037
NA20289,0.034,0.026,0.043
NA20291,0.01,0.017,0.019
NA20294,0.01,0.024,0.028
NA20296,0.01,0.027,0.03
NA20298,0.008,0.023,0.026
NA20299,0.033,0.025,0.043
NA20314,0.01,0.019,0.02
NA20317,0.024,0.02,0.029
NA20318,0.007,0.017,0.018
NA20320,0.022,0.023,0.033
NA20321,0.009,0.019,0.02
NA20332,0.012,0.022,0.03
NA20334,0.008,0.019,0.025
NA20339,0.018,0.024,0.031
NA20340,0.02,0.017,0.024
NA20342,0.023,0.02,0.031
NA20346,0.022,0.019,0.03
NA20348,0.02,0.023,0.031
NA20351,0.019,0.018,0.026
NA20355,0.009,0.018,0.019
NA20356,0.02,0.02,0.029
NA20357,0.025,0.02,0.031
NA20359,0.019,0.021,0.028
NA20362,0.027,0.026,0.038
NA20412,0.019,0.019,0.028
NA20502,0.01,0.028,0.032
NA20503,0.018,0.023,0.029
NA20504,0.009,0.02,0.025
NA20505,0.017,0.02,0.025
NA20506,0.01,0.019,0.023
NA20507,0.009,0.02,0.022
NA20508,0.017,0.021,0.027
NA20509,0.027,0.019,0.031
NA20510,0.012,0.019,0.022
NA20511,0.009,0.016,0.018
NA20512,0.026,0.027,0.037
NA20513,0.009,0.017,0.02
NA20514,0.01,0.019,0.024
NA20515,0.034,0.025,0.044
NA20516,0.026,0.017,0.031
NA20517,0.03,0.03,0.042
NA20518,0.019,0.025,0.031
NA20519,0.01,0.011,0.018
NA20520,0.021,0.023,0.029
NA20521,0.025,0.031,0.041
NA20522,0.027,0.02,0.034
NA20524,0.021,0.027,0.037
NA20525,0.01,0.019,0.025
NA20527,0.01,0.019,0.021
NA20528,0.014,0.018,0.025
NA20529,0.016,0.029,0.034
NA20530,0.027,0.027,0.037
NA20531,0.01,0.02,0.021
NA20532,0.02,0.034,0.04
NA20533,0.009,0.027,0.029
NA20534,0.028,0.039,0.048
NA20535,0.016,0.024,0.028
NA20536,0.01,0.018,0.02
NA20538,0.01,0.01,0.015
NA20539,0.009,0.02,0.024
NA20540,0.009,0.021,0.025
NA20541,0.016,0.024,0.027
NA20542,0.02,0.028,0.036
NA20543,0.022,0.029,0.039
NA20544,0.009,0.025,0.027
NA20581,0.021,0.036,0.046
NA20582,0.017,0.035,0.041
NA20585,0.009,0.018,0.019
NA20586,0.023,0.02,0.032
NA20587,0.016,0.015,0.019
NA20588,0.029,0.026,0.039
NA20589,0.019,0.02,0.027
NA20752,0.023,0.02,0.03
NA20753,0.012,0.026,0.029
NA20754,0.017,0.028,0.034
NA20755,0.018,0.02,0.029
NA20756,0.032,0.034,0.049
NA20757,0.017,0.031,0.038
NA20758,0.029,0.026,0.039
NA20759,0.016,0.027,0.034
NA20760,0.018,0.018,0.025
NA20761,0.025,0.019,0.03
NA20762,0.017,0.018,0.024
NA20763,0.016,0.015,0.022
NA20764,0.024,0.032,0.042
NA20765,0.013,0.022,0.028
NA20766,0.024,0.029,0.036
NA20767,0.009,0.017,0.02
NA20768,0.009,0.025,0.028
NA20769,0.022,0.02,0.031
NA20770,0.034,0.036,0.049
NA20771,0.013,0.016,0.02
NA20772,0.022,0.021,0.031
NA20773,0.024,0.028,0.039
NA20774,0.023,0.02,0.031
NA20775,0.025,0.022,0.034
NA20778,0.024,0.025,0.034
NA20783,0.016,0.008,0.017
NA20785,0.014,0.008,0.014
NA20786,0.021,0.018,0.026
NA20787,0.035,0.035,0.052
NA20790,0.023,0.018,0.028
NA20792,0.008,0.008,0.009
NA20795,0.02,0.024,0.032
NA20796,0.022,0.027,0.036
NA20797,0.01,0.022,0.027
NA20798,0.017,0.023,0.029
NA20799,0.03,0.021,0.036
NA20800,0.023,0.018,0.029
NA20801,0.025,0.019,0.033
NA20802,0.01,0.019,0.022
NA20803,0.033,0.036,0.048
NA20804,0.017,0.019,0.022
NA20805,0.019,0.019,0.027
NA20806,0.008,0.023,0.025
NA20807,0.019,0.032,0.039
NA20808,0.026,0.026,0.036
NA20809,0.026,0.024,0.034
NA20810,0.028,0.025,0.036
NA20811,0.026,0.027,0.038
NA20812,0.029,0.026,0.039
NA20813,0.023,0.026,0.036
NA20814,0.018,0.018,0.026
NA20815,0.034,0.023,0.042
NA20818,0.023,0.02,0.03
NA20819,0.033,0.017,0.035
NA20821,0.029,0.029,0.043
NA20822,0.019,0.019,0.029
NA20826,0.046,0.043,0.064
NA20827,0.014,0.021,0.025
NA20828,0.042,0.043,0.062
NA20832,0.019,0.02,0.03
NA20845,0.026,0.026,0.035
NA20846,0.029,0.022,0.036
NA20847,0.018,0.027,0.033
NA20849,0.021,0.013,0.026
NA20850,0.015,0.018,0.023
NA20851,0.02,0.018,0.028
NA20852,0.01,0.008,0.01
NA20853,0.029,0.025,0.037
NA20854,0.028,0.024,0.036
NA20856,0.025,0.022,0.034
NA20858,0.028,0.023,0.036
NA20859,0.026,0.028,0.039
NA20861,0.02,0.019,0.028
NA20862,0.021,0.026,0.034
NA20863,0.029,0.021,0.036
NA20864,0.018,0.022,0.029
NA20866,0.019,0.009,0.023
NA20867,0.021,0.018,0.028
NA20868,0.027,0.016,0.03
NA20869,0.025,0.023,0.032
NA20870,0.01,0.009,0.012
NA20872,0.012,0.012,0.02
NA20874,0.018,0.016,0.021
NA20875,0.028,0.033,0.044
NA20876,0.017,0.01,0.019
NA20877,0.01,0.017,0.018
NA20878,0.019,0.027,0.035
NA20881,0.024,0.017,0.027
NA20882,0.015,0.015,0.02
NA20884,0.009,0.016,0.019
NA20885,0.021,0.021,0.03
NA20886,0.045,0.037,0.06
NA20887,0.022,0.028,0.038
NA20888,0.045,0.032,0.055
NA20889,0.032,0.028,0.041
NA20890,0.023,0.019,0.03
NA20891,0.022,0.028,0.037
NA20892,0.01,0.016,0.019
NA20894,0.017,0.013,0.02
NA20895,0.012,0.011,0.019
NA20896,0.018,0.018,0.025
NA20897,0.018,0.018,0.025
NA20899,0.01,0.013,0.02
NA20900,0.018,0.023,0.031
NA20901,0.03,0.026,0.039
NA20902,0.033,0.035,0.047
NA20903,0.027,0.037,0.046
NA20904,0.017,0.017,0.023
NA20905,0.019,0.014,0.023
NA20906,0.017,0.014,0.022
NA20908,0.019,0.02,0.026
NA20910,0.01,0.019,0.024
NA20911,0.018,0.018,0.024
NA21086,0.024,0.024,0.032
NA21087,0.018,0.024,0.031
NA21088,0.022,0.023,0.031
NA21089,0.035,0.032,0.047
NA21090,0.01,0.02,0.027
NA21091,0.028,0.03,0.041
NA21092,0.029,0.024,0.036
NA21093,0.015,0.022,0.028
NA21094,0.016,0.022,0.029
NA21095,0.018,0.01,0.018
NA21097,0.022,0.021,0.033
NA21098,0.017,0.019,0.024
NA21099,0.02,0.02,0.029
NA21100,0.02,0.02,0.029
NA21101,0.016,0.024,0.03
NA21102,0.028,0.024,0.036
NA21103,0.023,0.02,0.029
NA21104,0.023,0.02,0.03
NA21105,0.019,0.017,0.025
NA21106,0.022,0.023,0.033
NA21107,0.021,0.018,0.028
NA21108,0.027,0.019,0.031
NA21109,0.016,0.018,0.024
NA21110,0.026,0.028,0.038
NA21111,0.038,0.038,0.053
NA21112,0.024,0.019,0.03
NA21113,0.028,0.021,0.036
NA21114,0.019,0.022,0.03
NA21115,0.017,0.02,0.024
NA21116,0.039,0.048,0.062
NA21117,0.027,0.023,0.032
NA21118,0.029,0.033,0.043
NA21119,0.02,0.02,0.028
NA21120,0.026,0.03,0.04
NA21122,0.024,0.026,0.036
NA21123,0.018,0.025,0.031
NA21124,0.018,0.018,0.025
NA21125,0.021,0.024,0.03
NA21126,0.02,0.02,0.029
NA21127,0.037,0.049,0.061
NA21128,0.021,0.016,0.024
NA21129,0.027,0.022,0.036
NA21130,0.029,0.026,0.037
NA21133,0.021,0.026,0.032
NA21135,0.015,0.018,0.024
NA21137,0.019,0.02,0.028
NA21141,0.016,0.018,0.024
NA21142,0.019,0.022,0.027
NA21143,0.018,0.015,0.024
NA21144,0.01,0.012,0.019
