adjustment-type,GC,GC,GC,GC+replication,GC+replication,GC+replication
window-size (# of bins),1,10,100,1,10,100
HG00096,7.46,2.81,1.85,7.36,2.4,1.04
HG00097,7.69,3.28,2.51,7.49,2.53,1.22
HG00099,7.59,3.64,3.02,7.26,2.56,1.38
HG00100,7.55,2.8,1.81,7.47,2.41,1.01
HG00101,7.47,2.82,1.87,7.37,2.41,1.07
HG00102,7.55,2.89,1.96,7.43,2.41,1.02
HG00103,7.67,3.2,2.42,7.5,2.53,1.27
HG00105,7.7,2.87,1.88,7.61,2.45,1.05
HG00106,7.3,2.75,1.81,7.19,2.34,0.99
HG00107,7.51,2.83,1.87,7.4,2.39,1.02
HG00108,7.59,3.0,2.13,7.45,2.46,1.13
HG00109,7.46,3.05,2.23,7.3,2.42,1.11
HG00110,7.61,2.93,2.01,7.49,2.46,1.09
HG00111,7.94,3.69,3.01,7.69,2.82,1.66
HG00112,7.5,2.65,1.54,7.42,2.36,0.92
HG00113,7.63,2.74,1.67,7.55,2.4,0.95
HG00114,7.5,2.89,1.96,7.35,2.37,0.98
HG00115,7.73,2.94,1.99,7.6,2.45,1.03
HG00116,7.0,2.82,1.98,6.84,2.27,1.0
HG00117,7.23,2.8,1.9,7.11,2.36,1.08
HG00118,7.38,2.77,1.8,7.3,2.41,1.07
HG00119,7.65,3.42,2.71,7.39,2.56,1.33
HG00120,7.24,2.82,1.94,7.12,2.36,1.07
HG00121,7.54,2.86,1.92,7.42,2.41,1.03
HG00122,7.4,2.79,1.86,7.29,2.36,0.99
HG00123,7.55,2.75,1.71,7.49,2.46,1.12
HG00125,7.66,2.83,1.83,7.57,2.45,1.04
HG00126,7.58,4.01,3.5,7.13,2.64,1.52
HG00127,7.37,2.71,1.7,7.3,2.41,1.09
HG00128,7.16,2.89,1.97,7.06,2.54,1.32
HG00129,7.73,2.93,1.96,7.57,2.44,1.01
HG00130,7.66,2.99,2.07,7.54,2.46,1.08
HG00131,7.38,2.5,1.28,7.32,2.31,0.87
HG00132,7.69,3.24,2.48,7.49,2.47,1.14
HG00133,6.8,2.94,2.23,6.61,2.33,1.23
HG00136,7.56,2.91,1.99,7.44,2.4,0.99
HG00137,7.5,2.73,1.68,7.43,2.41,1.01
HG00138,7.48,2.85,1.91,7.38,2.46,1.17
HG00139,7.42,2.83,1.89,7.31,2.38,1.03
HG00140,7.59,3.11,2.31,7.42,2.48,1.19
HG00141,7.47,2.73,1.69,7.39,2.4,1.02
HG00142,7.75,3.41,2.64,7.57,2.72,1.52
HG00143,7.68,3.18,2.34,7.5,2.54,1.23
HG00145,7.71,3.01,2.1,7.61,2.59,1.38
HG00146,6.96,2.64,1.72,6.86,2.25,0.98
HG00148,7.54,2.53,1.27,7.52,2.36,0.87
HG00149,7.68,3.28,2.51,7.48,2.52,1.24
HG00150,7.28,3.08,2.33,7.09,2.39,1.11
HG00151,7.58,3.32,2.56,7.36,2.58,1.28
HG00154,7.69,3.27,2.47,7.52,2.64,1.38
HG00155,7.64,2.97,2.06,7.52,2.46,1.1
HG00157,7.78,3.31,2.52,7.6,2.62,1.31
HG00158,7.55,3.38,2.69,7.31,2.55,1.34
HG00159,7.54,3.01,2.14,7.39,2.44,1.08
HG00160,7.59,3.08,2.24,7.43,2.46,1.13
HG00171,7.44,2.67,1.57,7.35,2.39,1.0
HG00173,7.65,2.83,1.83,7.57,2.46,1.07
HG00174,7.54,3.02,2.13,7.4,2.49,1.17
HG00176,7.74,3.55,2.86,7.5,2.71,1.49
HG00177,7.54,2.69,1.62,7.47,2.38,0.96
HG00178,7.51,2.79,1.81,7.42,2.38,0.99
HG00179,7.59,2.75,1.65,7.54,2.47,1.06
HG00180,7.41,2.74,1.75,7.33,2.38,1.02
HG00181,7.51,2.89,1.97,7.38,2.41,1.06
HG00182,7.37,2.52,1.32,7.31,2.31,0.84
HG00183,7.56,2.77,1.74,7.5,2.47,1.12
HG00185,7.65,3.24,2.47,7.45,2.54,1.26
HG00186,7.47,2.7,1.64,7.38,2.35,0.92
HG00187,7.43,2.75,1.74,7.33,2.36,0.95
HG00188,7.61,2.89,1.95,7.5,2.46,1.11
HG00189,7.76,3.04,2.09,7.65,2.63,1.32
HG00190,7.57,3.02,2.13,7.41,2.4,1.0
HG00231,7.62,3.05,2.2,7.48,2.47,1.14
HG00232,6.86,3.3,2.72,6.54,2.34,1.25
HG00233,7.22,3.11,2.37,7.01,2.38,1.17
HG00234,7.37,3.06,2.25,7.18,2.41,1.11
HG00235,7.37,2.97,2.14,7.23,2.46,1.23
HG00236,7.23,2.72,1.74,7.16,2.44,1.23
HG00237,7.53,2.69,1.59,7.49,2.46,1.12
HG00238,7.77,3.03,2.09,7.63,2.49,1.06
HG00239,7.63,3.27,2.5,7.42,2.52,1.22
HG00240,7.93,3.49,2.75,7.67,2.61,1.28
HG00242,7.3,3.21,2.48,7.06,2.4,1.1
HG00243,7.51,3.71,3.11,7.18,2.65,1.5
HG00244,7.49,2.89,1.93,7.39,2.53,1.26
HG00245,7.01,2.63,1.66,6.94,2.33,1.08
HG00246,7.43,2.66,1.48,7.39,2.51,1.16
HG00250,7.7,3.05,2.17,7.58,2.51,1.19
HG00251,7.31,3.08,2.3,7.13,2.47,1.26
HG00252,7.54,2.98,2.07,7.4,2.5,1.22
HG00253,7.36,2.83,1.89,7.25,2.39,1.06
HG00254,7.52,2.9,1.97,7.4,2.45,1.13
HG00255,7.59,3.2,2.42,7.41,2.54,1.31
HG00256,7.45,2.73,1.73,7.35,2.34,0.92
HG00257,7.38,2.67,1.63,7.3,2.37,1.0
HG00258,7.28,2.65,1.62,7.2,2.33,0.97
HG00259,7.59,2.81,1.81,7.49,2.41,1.02
HG00260,7.62,2.79,1.78,7.54,2.44,1.04
HG00261,7.62,2.84,1.79,7.57,2.59,1.29
HG00262,7.67,2.88,1.91,7.56,2.43,1.04
HG00263,7.62,2.82,1.82,7.52,2.43,1.03
HG00264,7.73,3.49,2.79,7.46,2.59,1.35
HG00265,7.62,3.38,2.67,7.38,2.57,1.36
HG00266,7.8,3.46,2.75,7.56,2.55,1.22
HG00267,7.57,3.04,2.18,7.41,2.46,1.15
HG00268,7.77,3.33,2.57,7.56,2.55,1.25
HG00269,7.71,2.9,1.91,7.59,2.45,1.01
HG00271,7.7,3.36,2.61,7.5,2.6,1.35
HG00272,7.23,3.45,2.85,6.92,2.48,1.38
HG00273,7.43,2.87,1.94,7.31,2.42,1.11
HG00274,7.58,2.89,1.91,7.48,2.51,1.16
HG00275,7.63,2.95,2.03,7.53,2.52,1.18
HG00276,7.72,2.92,1.95,7.6,2.48,1.09
HG00277,7.48,2.8,1.84,7.37,2.37,0.97
HG00278,7.43,2.86,1.95,7.31,2.41,1.1
HG00280,7.46,3.07,2.26,7.28,2.41,1.1
HG00281,7.53,2.81,1.84,7.44,2.43,1.07
HG00282,7.62,2.92,1.99,7.52,2.45,1.06
HG00284,7.5,2.73,1.69,7.41,2.38,0.96
HG00285,7.62,3.33,2.59,7.42,2.62,1.39
HG00288,7.74,3.18,2.31,7.56,2.54,1.2
HG00290,7.24,3.39,2.77,6.95,2.5,1.39
HG00304,7.58,2.96,2.05,7.45,2.47,1.14
HG00306,7.55,2.96,2.06,7.41,2.42,1.08
HG00308,7.67,3.1,2.26,7.52,2.48,1.14
HG00309,7.86,3.78,3.15,7.54,2.72,1.54
HG00310,7.78,3.46,2.71,7.5,2.55,1.24
HG00311,7.51,2.73,1.69,7.45,2.42,1.07
HG00313,7.68,3.64,2.96,7.41,2.74,1.57
HG00315,7.74,3.24,2.43,7.56,2.57,1.24
HG00318,7.69,2.99,2.1,7.56,2.46,1.08
HG00319,7.52,2.97,2.11,7.41,2.52,1.32
HG00320,7.57,3.67,3.05,7.24,2.62,1.46
HG00321,7.04,3.73,3.22,6.56,2.39,1.3
HG00323,7.81,3.37,2.62,7.62,2.59,1.3
HG00324,7.71,3.28,2.5,7.5,2.53,1.21
HG00325,7.66,2.92,1.97,7.57,2.51,1.16
HG00326,7.15,2.93,2.14,6.99,2.37,1.15
HG00327,7.94,4.0,3.42,7.56,2.79,1.65
HG00328,7.72,3.14,2.28,7.56,2.56,1.29
HG00329,7.56,3.2,2.43,7.36,2.52,1.27
HG00330,7.77,3.47,2.77,7.54,2.6,1.36
HG00331,7.88,3.86,3.25,7.52,2.71,1.52
HG00332,7.48,2.9,1.97,7.37,2.56,1.41
HG00334,7.56,2.77,1.75,7.49,2.44,1.08
HG00335,7.93,3.73,3.05,7.63,2.74,1.54
HG00336,7.66,3.23,2.44,7.45,2.54,1.26
HG00337,7.77,3.24,2.41,7.63,2.66,1.42
HG00338,7.63,3.38,2.63,7.43,2.65,1.43
HG00339,7.23,3.05,2.27,7.04,2.35,1.07
HG00341,7.67,3.06,2.19,7.54,2.53,1.23
HG00342,7.55,2.92,2.0,7.45,2.55,1.36
HG00343,7.56,2.84,1.89,7.48,2.46,1.15
HG00344,7.56,3.11,2.3,7.41,2.58,1.4
HG00345,7.58,3.03,2.14,7.44,2.49,1.16
HG00346,7.58,2.74,1.67,7.53,2.47,1.12
HG00349,7.56,3.26,2.52,7.34,2.49,1.21
HG00350,6.97,2.91,2.16,6.79,2.32,1.14
HG00351,7.73,3.01,2.1,7.6,2.49,1.11
HG00353,7.56,2.78,1.76,7.47,2.39,0.95
HG00355,6.96,2.94,2.21,6.78,2.32,1.14
HG00356,7.47,2.75,1.74,7.38,2.43,1.1
HG00357,7.67,3.2,2.4,7.51,2.6,1.35
HG00358,7.49,3.12,2.33,7.29,2.42,1.11
HG00360,7.45,2.57,1.4,7.41,2.39,1.02
HG00361,7.47,2.55,1.33,7.44,2.37,0.92
HG00362,7.44,2.74,1.75,7.35,2.39,1.04
HG00364,7.59,2.88,1.93,7.47,2.46,1.1
HG00365,7.46,2.74,1.71,7.37,2.38,0.99
HG00366,7.62,2.53,1.22,7.59,2.39,0.88
HG00367,7.6,2.87,1.89,7.5,2.45,1.06
HG00368,7.54,2.75,1.68,7.45,2.46,1.11
HG00369,6.86,2.63,1.74,6.77,2.3,1.13
HG00371,7.54,3.19,2.41,7.35,2.53,1.29
HG00372,7.63,3.03,2.17,7.5,2.46,1.1
HG00373,7.7,3.19,2.37,7.51,2.45,1.05
HG00375,7.49,3.06,2.22,7.33,2.49,1.21
HG00376,7.54,2.99,2.08,7.41,2.5,1.16
HG00378,7.61,3.21,2.41,7.41,2.51,1.18
HG00379,7.5,3.04,2.21,7.35,2.48,1.2
HG00380,7.69,3.5,2.81,7.45,2.64,1.46
HG00381,7.58,3.09,2.27,7.41,2.43,1.08
HG00382,7.62,3.11,2.29,7.46,2.44,1.08
HG00383,7.66,3.32,2.6,7.46,2.57,1.35
HG00384,7.74,3.46,2.72,7.52,2.71,1.47
HG00403,7.55,2.7,1.64,7.48,2.39,0.99
HG00404,7.69,2.89,1.91,7.6,2.51,1.17
HG00406,7.42,2.51,1.28,7.38,2.33,0.87
HG00407,7.67,3.43,2.72,7.41,2.56,1.32
HG00409,7.74,2.96,2.02,7.62,2.48,1.11
HG00410,7.48,2.78,1.8,7.38,2.4,1.05
HG00419,7.55,2.85,1.89,7.45,2.45,1.1
HG00421,7.6,3.14,2.34,7.42,2.5,1.22
HG00422,7.53,3.08,2.26,7.36,2.46,1.16
HG00428,7.86,3.57,2.86,7.61,2.64,1.37
HG00436,7.6,2.83,1.82,7.52,2.45,1.08
HG00437,7.54,2.7,1.62,7.47,2.4,1.01
HG00442,7.44,2.86,1.94,7.31,2.38,1.04
HG00443,7.48,3.04,2.2,7.32,2.47,1.19
HG00445,7.69,3.67,3.02,7.4,2.72,1.54
HG00446,7.56,2.99,2.12,7.42,2.45,1.13
HG00448,7.44,2.98,2.12,7.29,2.43,1.13
HG00449,7.7,3.2,2.39,7.52,2.51,1.2
HG00451,7.65,3.34,2.58,7.43,2.55,1.3
HG00452,7.74,3.25,2.44,7.57,2.54,1.23
HG00457,7.45,2.68,1.6,7.36,2.34,0.9
HG00458,7.63,3.28,2.53,7.42,2.49,1.18
HG00463,7.66,3.26,2.48,7.47,2.54,1.27
HG00464,7.84,3.72,3.07,7.52,2.64,1.41
HG00472,7.66,2.83,1.8,7.57,2.44,1.01
HG00473,7.51,3.16,2.38,7.33,2.52,1.29
HG00475,7.73,3.23,2.42,7.54,2.57,1.31
HG00476,7.84,3.38,2.62,7.61,2.54,1.22
HG00478,7.55,2.86,1.87,7.44,2.4,0.96
HG00479,7.83,3.33,2.53,7.62,2.51,1.11
HG00500,7.48,3.11,2.32,7.31,2.51,1.3
HG00513,6.74,3.52,3.0,6.3,2.29,1.23
HG00524,7.69,3.14,2.31,7.55,2.56,1.26
HG00525,7.79,3.24,2.41,7.63,2.6,1.3
HG00530,7.52,2.78,1.76,7.43,2.43,1.07
HG00531,7.67,3.36,2.63,7.43,2.52,1.23
HG00533,7.63,3.27,2.53,7.43,2.51,1.24
HG00534,7.64,3.19,2.39,7.44,2.51,1.2
HG00536,7.63,2.83,1.82,7.55,2.5,1.17
HG00537,7.84,3.38,2.61,7.61,2.54,1.18
HG00542,7.54,2.82,1.84,7.44,2.39,0.98
HG00543,7.41,3.16,2.41,7.19,2.39,1.11
HG00551,7.19,3.23,2.58,6.94,2.41,1.25
HG00553,7.58,3.25,2.49,7.36,2.51,1.27
HG00554,7.53,2.95,2.07,7.4,2.44,1.1
HG00556,7.71,3.0,2.09,7.57,2.45,1.07
HG00557,7.42,2.64,1.55,7.38,2.39,1.03
HG00559,7.79,3.55,2.87,7.54,2.72,1.57
HG00560,7.68,2.97,2.02,7.56,2.46,1.05
HG00565,7.57,2.62,1.45,7.53,2.43,1.01
HG00566,6.99,2.76,1.92,6.86,2.27,1.01
HG00580,7.47,2.89,1.97,7.37,2.46,1.17
HG00581,7.8,3.37,2.62,7.6,2.63,1.41
HG00583,7.5,2.77,1.73,7.42,2.42,1.02
HG00584,7.44,3.41,2.75,7.15,2.44,1.2
HG00589,7.48,2.88,1.96,7.35,2.41,1.07
HG00590,7.59,3.02,2.16,7.47,2.56,1.36
HG00592,7.66,3.4,2.68,7.41,2.54,1.27
HG00593,7.7,3.36,2.61,7.45,2.53,1.23
HG00595,7.64,2.93,2.01,7.52,2.45,1.08
HG00596,7.1,3.0,2.26,6.9,2.32,1.08
HG00598,7.54,2.88,1.93,7.42,2.46,1.15
HG00599,7.53,2.85,1.9,7.41,2.43,1.09
HG00607,7.44,3.18,2.43,7.26,2.52,1.33
HG00608,7.04,2.92,2.15,6.89,2.39,1.24
HG00610,7.55,3.14,2.34,7.39,2.53,1.28
HG00611,7.75,3.66,3.0,7.47,2.7,1.54
HG00613,7.73,3.23,2.44,7.55,2.52,1.22
HG00614,7.72,3.2,2.34,7.55,2.55,1.21
HG00619,7.44,2.99,2.15,7.32,2.46,1.17
HG00620,7.45,2.81,1.85,7.35,2.39,1.03
HG00622,7.63,2.95,2.05,7.5,2.45,1.07
HG00623,7.52,3.11,2.33,7.36,2.54,1.31
HG00625,7.48,2.9,1.97,7.36,2.42,1.09
HG00626,7.59,2.98,2.09,7.47,2.48,1.16
HG00628,7.45,2.8,1.82,7.34,2.39,1.03
HG00629,7.17,3.32,2.69,6.87,2.34,1.13
HG00631,7.7,2.98,2.05,7.59,2.5,1.16
HG00632,7.69,2.93,1.98,7.6,2.52,1.2
HG00634,7.6,3.08,2.24,7.45,2.49,1.17
HG00637,7.51,2.75,1.72,7.42,2.41,1.03
HG00638,7.32,2.78,1.84,7.22,2.39,1.1
HG00640,7.87,3.46,2.72,7.64,2.64,1.37
HG00641,7.79,3.43,2.71,7.55,2.55,1.24
HG00650,7.33,3.09,2.34,7.12,2.37,1.09
HG00651,7.69,3.41,2.69,7.44,2.55,1.28
HG00653,6.79,2.87,2.15,6.6,2.23,1.08
HG00654,7.67,3.12,2.31,7.51,2.48,1.16
HG00656,7.6,3.15,2.37,7.41,2.46,1.15
HG00657,7.51,2.64,1.53,7.45,2.39,1.0
HG00662,6.82,3.03,2.33,6.59,2.31,1.15
HG00663,7.69,3.15,2.31,7.54,2.52,1.21
HG00671,7.51,3.03,2.2,7.35,2.41,1.08
HG00672,7.8,3.21,2.4,7.64,2.55,1.23
HG00674,7.75,3.54,2.85,7.48,2.6,1.35
HG00675,7.69,2.97,2.02,7.58,2.49,1.1
HG00683,7.47,2.64,1.52,7.44,2.39,0.95
HG00684,7.61,2.78,1.74,7.52,2.41,0.99
HG00689,6.97,3.02,2.31,6.8,2.49,1.46
HG00690,7.67,2.91,1.91,7.59,2.59,1.3
HG00692,7.71,3.37,2.64,7.49,2.58,1.34
HG00693,7.55,2.99,2.11,7.41,2.41,1.04
HG00698,7.3,3.0,2.21,7.13,2.36,1.1
HG00699,7.4,2.93,2.09,7.26,2.39,1.09
HG00701,7.16,2.66,1.66,7.09,2.37,1.09
HG00704,7.65,2.79,1.78,7.56,2.43,1.05
HG00705,7.74,3.13,2.29,7.61,2.54,1.24
HG00707,7.58,3.0,2.12,7.45,2.5,1.2
HG00708,7.62,2.98,2.1,7.5,2.48,1.17
HG00717,7.71,3.03,2.15,7.59,2.5,1.17
HG00728,7.6,2.99,2.1,7.49,2.52,1.26
HG00729,7.39,3.04,2.24,7.22,2.42,1.15
HG00731,7.59,2.77,1.76,7.5,2.4,1.0
HG00732,7.78,3.28,2.42,7.67,2.8,1.49
HG00734,7.52,2.82,1.85,7.41,2.39,1.0
HG00736,7.7,3.19,2.37,7.54,2.55,1.26
HG00737,7.56,2.93,2.02,7.43,2.42,1.05
HG00739,7.53,2.88,1.92,7.44,2.46,1.12
HG00740,7.54,2.86,1.91,7.44,2.42,1.05
HG00742,7.46,3.03,2.2,7.3,2.42,1.1
HG00743,7.76,2.93,1.96,7.64,2.48,1.1
HG00759,7.57,2.79,1.78,7.5,2.44,1.07
HG00766,7.72,3.32,2.57,7.51,2.58,1.35
HG00844,7.59,2.78,1.75,7.52,2.45,1.06
HG00851,7.28,2.61,1.52,7.2,2.34,0.98
HG00864,7.6,3.01,2.05,7.5,2.64,1.31
HG00867,7.6,3.14,2.32,7.42,2.46,1.12
HG00879,7.83,3.28,2.48,7.63,2.54,1.18
HG00881,7.53,3.06,2.22,7.38,2.54,1.37
HG00956,7.57,2.97,2.07,7.45,2.49,1.19
HG00978,7.35,2.89,1.97,7.23,2.46,1.18
HG00982,7.62,3.45,2.76,7.36,2.55,1.33
HG01028,6.54,2.18,0.95,6.53,2.11,0.81
HG01029,7.06,2.72,1.83,6.95,2.31,1.06
HG01031,7.5,2.85,1.92,7.39,2.43,1.12
HG01046,7.53,2.82,1.83,7.44,2.45,1.09
HG01047,7.63,3.02,2.14,7.49,2.45,1.09
HG01048,7.05,2.74,1.87,6.93,2.28,1.0
HG01049,7.28,2.97,2.16,7.12,2.38,1.11
HG01051,7.76,3.18,2.36,7.59,2.53,1.2
HG01052,7.62,3.04,2.18,7.46,2.49,1.18
HG01054,7.82,3.24,2.42,7.64,2.58,1.27
HG01055,7.67,3.21,2.43,7.49,2.51,1.2
HG01058,7.5,2.88,1.97,7.37,2.4,1.05
HG01060,7.44,2.83,1.86,7.32,2.41,1.07
HG01061,7.72,3.35,2.59,7.5,2.6,1.36
HG01063,7.5,2.88,1.97,7.38,2.39,1.01
HG01064,7.5,2.81,1.85,7.41,2.41,1.05
HG01066,7.69,3.34,2.61,7.49,2.59,1.36
HG01067,7.62,3.01,2.15,7.49,2.5,1.19
HG01069,7.05,3.33,2.71,6.78,2.5,1.47
HG01070,7.64,2.99,2.1,7.52,2.45,1.09
HG01072,7.74,2.91,1.94,7.63,2.48,1.1
HG01073,7.52,3.14,2.32,7.37,2.54,1.27
HG01075,7.36,2.77,1.83,7.26,2.36,1.04
HG01077,7.71,3.2,2.4,7.54,2.5,1.18
HG01079,7.65,2.96,2.03,7.55,2.51,1.18
HG01080,7.45,2.85,1.92,7.34,2.4,1.07
HG01082,7.59,3.07,2.24,7.42,2.44,1.11
HG01083,7.61,3.67,3.05,7.29,2.62,1.44
HG01085,7.61,3.02,2.14,7.46,2.44,1.07
HG01086,7.54,2.84,1.87,7.43,2.42,1.05
HG01088,7.39,2.65,1.59,7.34,2.43,1.15
HG01089,7.25,3.25,2.53,7.03,2.53,1.31
HG01092,7.81,3.29,2.48,7.6,2.52,1.15
HG01094,7.62,2.95,2.03,7.49,2.47,1.16
HG01095,7.54,2.61,1.45,7.51,2.42,1.01
HG01097,7.73,3.24,2.44,7.56,2.54,1.23
HG01098,7.72,3.38,2.65,7.51,2.6,1.35
HG01101,7.51,3.01,2.18,7.36,2.46,1.17
HG01102,7.46,3.13,2.38,7.3,2.47,1.24
HG01104,7.58,2.83,1.84,7.5,2.46,1.09
HG01105,7.19,2.98,2.22,7.03,2.38,1.15
HG01107,7.42,2.79,1.84,7.32,2.36,1.01
HG01108,7.58,2.82,1.8,7.46,2.39,0.93
HG01110,7.48,3.12,2.31,7.29,2.44,1.12
HG01111,7.84,3.3,2.52,7.65,2.55,1.2
HG01112,7.66,3.34,2.62,7.43,2.54,1.3
HG01113,8.02,4.0,3.41,7.69,2.89,1.77
HG01119,7.59,3.06,2.23,7.44,2.48,1.18
HG01121,7.49,2.63,1.47,7.46,2.46,1.09
HG01122,7.17,2.76,1.86,7.04,2.32,1.03
HG01124,7.68,3.22,2.43,7.49,2.58,1.38
HG01125,7.56,2.89,1.93,7.45,2.46,1.13
HG01130,7.62,3.1,2.28,7.44,2.46,1.13
HG01131,7.57,2.97,2.09,7.43,2.43,1.07
HG01133,7.84,3.75,3.15,7.53,2.75,1.65
HG01134,7.44,3.05,2.24,7.28,2.46,1.21
HG01136,7.59,3.3,2.55,7.39,2.6,1.39
HG01137,7.72,3.21,2.31,7.65,2.88,1.64
HG01139,7.45,2.63,1.52,7.37,2.35,0.93
HG01140,7.55,3.3,2.56,7.34,2.59,1.37
HG01142,7.39,2.65,1.59,7.32,2.37,1.02
HG01148,7.8,3.39,2.65,7.58,2.59,1.31
HG01149,6.78,3.33,2.77,6.44,2.35,1.29
HG01161,7.55,2.95,2.08,7.4,2.43,1.11
HG01162,7.69,3.02,2.15,7.55,2.46,1.08
HG01164,7.54,2.79,1.8,7.46,2.42,1.06
HG01167,7.04,3.08,2.39,6.84,2.42,1.32
HG01168,7.69,3.11,2.25,7.55,2.54,1.23
HG01170,7.77,3.2,2.4,7.6,2.55,1.24
HG01171,7.65,3.26,2.5,7.44,2.53,1.26
HG01173,7.74,3.25,2.48,7.54,2.52,1.21
HG01174,7.61,2.96,2.07,7.48,2.46,1.11
HG01176,7.05,2.86,2.06,6.88,2.3,1.09
HG01177,7.36,2.76,1.8,7.26,2.38,1.06
HG01182,7.47,2.77,1.77,7.35,2.37,0.98
HG01183,7.45,3.2,2.46,7.25,2.49,1.26
HG01187,7.61,3.02,2.12,7.47,2.56,1.34
HG01188,7.61,2.94,2.03,7.51,2.48,1.15
HG01190,7.67,3.24,2.46,7.47,2.52,1.22
HG01191,7.6,3.3,2.54,7.38,2.52,1.23
HG01197,7.51,2.71,1.64,7.44,2.36,0.9
HG01198,7.59,2.97,2.08,7.45,2.44,1.09
HG01200,7.52,2.81,1.81,7.43,2.43,1.07
HG01204,7.6,2.86,1.92,7.5,2.43,1.08
HG01205,7.46,3.31,2.6,7.23,2.55,1.36
HG01241,7.43,2.65,1.52,7.37,2.44,1.12
HG01242,7.79,3.49,2.78,7.53,2.58,1.29
HG01247,7.51,2.76,1.78,7.41,2.41,1.05
HG01248,7.14,3.09,2.4,6.95,2.41,1.28
HG01250,7.31,2.87,2.0,7.17,2.37,1.1
HG01251,7.51,2.63,1.48,7.48,2.4,0.95
HG01253,7.62,3.34,2.65,7.4,2.54,1.33
HG01254,7.4,3.2,2.46,7.18,2.42,1.14
HG01256,7.46,3.14,2.37,7.26,2.43,1.18
HG01257,7.59,2.92,1.99,7.49,2.49,1.19
HG01259,7.89,3.85,3.24,7.56,2.81,1.7
HG01260,7.5,3.38,2.7,7.26,2.54,1.35
HG01269,7.46,2.7,1.63,7.41,2.43,1.08
HG01271,7.7,3.38,2.63,7.47,2.62,1.4
HG01272,7.97,3.93,3.31,7.62,2.75,1.53
HG01275,7.75,3.36,2.6,7.53,2.55,1.23
HG01277,7.6,2.81,1.81,7.51,2.43,1.04
HG01280,7.43,2.57,1.38,7.39,2.42,1.08
HG01281,7.73,3.4,2.67,7.49,2.57,1.3
HG01284,7.64,3.06,2.19,7.51,2.53,1.25
HG01286,7.5,3.06,2.24,7.34,2.46,1.18
HG01302,7.64,3.22,2.44,7.43,2.46,1.15
HG01303,7.87,3.32,2.32,7.74,3.0,1.77
HG01305,7.58,2.94,2.01,7.45,2.43,1.06
HG01308,7.89,3.74,3.07,7.57,2.74,1.52
HG01311,7.49,2.9,2.0,7.36,2.39,1.04
HG01312,7.52,2.8,1.82,7.42,2.4,1.03
HG01323,7.58,3.19,2.42,7.38,2.46,1.17
HG01325,7.6,3.02,2.17,7.47,2.5,1.22
HG01326,7.46,2.71,1.67,7.4,2.38,0.99
HG01334,7.49,2.7,1.62,7.42,2.39,0.99
HG01341,7.57,2.99,2.11,7.42,2.42,1.05
HG01342,7.57,2.73,1.7,7.51,2.43,1.07
HG01344,7.55,3.06,2.23,7.39,2.51,1.25
HG01345,7.6,2.93,2.01,7.49,2.43,1.04
HG01348,7.45,2.93,2.03,7.33,2.46,1.14
HG01350,7.82,3.55,2.85,7.58,2.67,1.45
HG01351,7.63,2.98,2.04,7.5,2.46,1.06
HG01353,6.9,2.79,2.0,6.75,2.28,1.08
HG01354,7.4,2.79,1.83,7.29,2.38,1.02
HG01356,7.5,2.87,1.94,7.38,2.4,1.03
HG01357,7.72,3.05,2.13,7.61,2.53,1.16
HG01359,7.91,3.76,3.1,7.61,2.77,1.58
HG01360,7.86,3.69,3.04,7.59,2.69,1.49
HG01362,7.63,2.97,2.03,7.51,2.51,1.14
HG01363,7.73,3.28,2.5,7.53,2.5,1.15
HG01365,7.45,2.87,1.95,7.32,2.38,1.01
HG01366,7.64,3.09,2.22,7.51,2.54,1.19
HG01369,7.31,2.88,2.03,7.19,2.38,1.08
HG01372,7.53,2.94,2.04,7.39,2.43,1.09
HG01374,7.4,2.74,1.73,7.32,2.37,0.98
HG01375,7.63,3.01,2.12,7.5,2.44,1.06
HG01377,7.41,2.68,1.64,7.34,2.43,1.14
HG01378,7.19,2.93,2.09,7.06,2.45,1.25
HG01383,7.45,2.81,1.79,7.38,2.48,1.14
HG01384,7.85,3.6,2.89,7.59,2.67,1.39
HG01389,7.63,2.94,2.02,7.52,2.49,1.14
HG01390,7.48,2.88,1.95,7.35,2.39,1.02
HG01392,7.56,2.96,2.05,7.41,2.43,1.06
HG01393,7.7,3.07,2.22,7.56,2.47,1.1
HG01395,7.42,2.77,1.77,7.33,2.41,1.08
HG01396,7.55,2.92,2.01,7.41,2.41,1.04
HG01398,7.6,3.07,2.24,7.46,2.54,1.29
HG01402,7.46,2.59,1.41,7.44,2.45,1.1
HG01403,7.58,2.73,1.65,7.5,2.42,1.02
HG01405,7.49,2.86,1.92,7.41,2.54,1.35
HG01412,7.53,2.81,1.82,7.43,2.41,1.05
HG01413,7.42,2.53,1.32,7.38,2.34,0.9
HG01414,7.55,2.87,1.92,7.45,2.5,1.19
HG01431,7.67,3.18,2.33,7.52,2.69,1.48
HG01432,7.67,2.74,1.65,7.58,2.4,0.93
HG01435,7.42,2.52,1.26,7.39,2.42,1.04
HG01437,7.59,2.95,2.06,7.46,2.48,1.2
HG01438,7.52,3.0,2.13,7.37,2.46,1.14
HG01440,7.43,2.56,1.38,7.39,2.36,0.95
HG01441,7.69,3.2,2.39,7.51,2.52,1.17
HG01443,7.58,2.83,1.84,7.48,2.42,1.02
HG01444,7.71,3.32,2.55,7.52,2.58,1.28
HG01447,7.58,3.15,2.34,7.39,2.5,1.21
HG01455,7.6,2.84,1.85,7.52,2.48,1.16
HG01456,7.68,3.26,2.47,7.51,2.62,1.36
HG01459,7.74,3.39,2.66,7.52,2.57,1.29
HG01461,7.53,2.86,1.92,7.42,2.42,1.06
HG01462,7.48,2.72,1.69,7.4,2.39,0.99
HG01464,7.63,3.17,2.37,7.45,2.55,1.29
HG01465,7.64,2.83,1.86,7.55,2.48,1.15
HG01468,7.7,3.31,2.5,7.52,2.67,1.45
HG01474,7.75,3.21,2.39,7.6,2.59,1.3
HG01479,7.55,2.9,1.98,7.41,2.4,1.03
HG01485,7.5,2.87,1.9,7.41,2.49,1.17
HG01486,7.6,2.98,2.09,7.47,2.45,1.09
HG01488,7.58,3.06,2.23,7.42,2.45,1.13
HG01489,7.69,2.93,1.97,7.61,2.55,1.24
HG01491,7.18,3.39,2.77,6.91,2.54,1.45
HG01492,7.63,2.96,2.07,7.51,2.48,1.16
HG01494,7.61,2.99,2.11,7.46,2.44,1.1
HG01495,8.14,4.2,3.62,7.82,3.14,2.09
HG01497,7.66,3.01,2.13,7.53,2.49,1.18
HG01498,7.71,3.04,2.15,7.57,2.52,1.19
HG01500,7.54,2.6,1.41,7.48,2.36,0.87
HG01501,7.69,3.26,2.45,7.51,2.64,1.39
HG01503,7.65,3.01,2.13,7.53,2.53,1.25
HG01504,7.6,2.78,1.77,7.51,2.43,1.05
HG01506,7.56,2.79,1.65,7.54,2.68,1.41
HG01507,7.6,2.89,1.92,7.53,2.61,1.43
HG01509,7.64,2.76,1.7,7.57,2.43,1.02
HG01510,7.6,2.74,1.69,7.54,2.4,0.96
HG01512,7.9,3.53,2.81,7.66,2.66,1.42
HG01513,7.94,3.6,2.89,7.68,2.64,1.36
HG01515,7.7,3.11,2.15,7.58,2.65,1.28
HG01516,7.63,3.19,2.37,7.47,2.58,1.31
HG01518,7.73,3.35,2.58,7.53,2.61,1.34
HG01519,7.52,2.68,1.53,7.49,2.5,1.18
HG01521,7.56,2.65,1.48,7.52,2.46,1.09
HG01522,7.58,2.93,2.02,7.47,2.44,1.08
HG01524,7.57,2.71,1.58,7.52,2.45,1.03
HG01525,7.49,2.92,2.04,7.39,2.46,1.18
HG01527,7.58,2.96,2.0,7.47,2.53,1.2
HG01528,7.57,2.73,1.68,7.49,2.4,0.99
HG01530,7.65,2.99,2.08,7.55,2.55,1.25
HG01531,7.74,3.33,2.56,7.56,2.63,1.39
HG01536,7.56,2.89,1.97,7.47,2.5,1.22
HG01537,7.72,3.18,2.34,7.56,2.56,1.23
HG01550,7.57,2.81,1.82,7.48,2.43,1.08
HG01551,7.78,3.5,2.74,7.6,2.86,1.71
HG01556,7.68,2.93,1.96,7.57,2.44,1.01
HG01565,7.35,3.27,2.55,7.14,2.54,1.36
HG01566,7.57,3.08,2.25,7.4,2.48,1.16
HG01571,7.47,2.76,1.72,7.38,2.44,1.09
HG01572,7.74,3.18,2.35,7.58,2.49,1.1
HG01577,7.7,3.2,2.36,7.51,2.56,1.23
HG01578,7.48,2.87,1.88,7.37,2.46,1.08
HG01583,7.51,3.1,2.3,7.34,2.48,1.21
HG01586,7.64,2.8,1.77,7.55,2.45,1.08
HG01589,7.67,3.19,2.38,7.5,2.57,1.3
HG01593,7.53,2.95,2.07,7.4,2.43,1.1
HG01595,7.57,3.05,2.2,7.42,2.47,1.13
HG01596,7.59,3.29,2.56,7.38,2.53,1.3
HG01597,7.47,2.91,2.03,7.34,2.43,1.13
HG01598,7.62,3.07,2.22,7.5,2.57,1.35
HG01599,7.48,3.02,2.13,7.35,2.57,1.34
HG01600,7.6,3.21,2.41,7.43,2.56,1.29
HG01602,7.57,2.67,1.49,7.51,2.43,0.97
HG01603,7.59,2.87,1.92,7.49,2.45,1.1
HG01605,7.7,3.13,2.29,7.53,2.49,1.14
HG01606,7.9,3.47,2.76,7.68,2.69,1.47
HG01607,7.56,2.81,1.81,7.47,2.41,0.99
HG01608,7.79,3.26,2.45,7.61,2.57,1.25
HG01610,7.67,3.0,2.11,7.54,2.46,1.1
HG01612,7.6,2.92,2.0,7.49,2.44,1.07
HG01613,7.58,2.89,1.97,7.48,2.46,1.12
HG01615,7.19,2.56,1.43,7.15,2.35,1.0
HG01617,7.56,2.73,1.67,7.48,2.39,0.95
HG01618,7.63,2.88,1.92,7.53,2.45,1.06
HG01619,7.5,2.74,1.68,7.43,2.41,1.01
HG01620,7.65,2.82,1.79,7.58,2.48,1.1
HG01623,7.66,3.02,2.14,7.53,2.48,1.14
HG01624,7.59,2.95,2.05,7.47,2.46,1.13
HG01625,7.69,3.1,2.2,7.54,2.56,1.21
HG01626,7.37,2.77,1.81,7.27,2.36,1.0
HG01628,7.63,2.78,1.74,7.56,2.45,1.02
HG01630,7.63,2.86,1.89,7.52,2.45,1.09
HG01631,7.89,3.52,2.8,7.69,2.8,1.65
HG01632,7.58,2.67,1.52,7.55,2.44,1.0
HG01668,7.75,3.27,2.5,7.56,2.56,1.29
HG01669,7.91,3.63,2.94,7.63,2.67,1.41
HG01670,7.7,3.09,2.18,7.61,2.68,1.44
HG01672,7.52,2.7,1.63,7.46,2.44,1.09
HG01673,7.71,3.24,2.44,7.53,2.52,1.18
HG01675,7.68,2.95,2.01,7.58,2.52,1.19
HG01676,7.62,2.96,2.05,7.49,2.46,1.13
HG01678,7.75,3.06,2.18,7.61,2.51,1.18
HG01679,7.89,3.64,2.97,7.62,2.68,1.43
HG01680,7.81,3.25,2.4,7.66,2.67,1.38
HG01682,7.64,3.04,2.12,7.51,2.55,1.21
HG01684,7.59,2.8,1.78,7.5,2.45,1.08
HG01685,7.81,3.29,2.5,7.6,2.5,1.13
HG01686,7.61,2.74,1.69,7.53,2.4,0.97
HG01694,7.77,3.25,2.42,7.62,2.68,1.45
HG01695,7.57,2.76,1.69,7.52,2.51,1.18
HG01697,7.68,3.05,2.13,7.56,2.57,1.25
HG01699,7.47,2.65,1.57,7.4,2.37,0.96
HG01700,7.64,2.91,1.91,7.54,2.52,1.14
HG01702,7.8,3.41,2.62,7.64,2.77,1.53
HG01704,7.54,2.75,1.69,7.48,2.49,1.16
HG01705,7.78,3.33,2.56,7.62,2.73,1.57
HG01707,7.65,2.98,2.09,7.51,2.46,1.08
HG01708,7.63,2.96,2.04,7.55,2.58,1.31
HG01709,7.52,2.77,1.76,7.42,2.38,0.96
HG01710,7.51,2.91,2.0,7.38,2.41,1.04
HG01746,7.41,2.62,1.51,7.37,2.39,1.03
HG01747,7.45,2.79,1.81,7.35,2.43,1.14
HG01756,7.67,3.26,2.46,7.5,2.67,1.48
HG01757,7.56,2.87,1.92,7.46,2.45,1.1
HG01761,7.82,3.5,2.8,7.61,2.74,1.6
HG01762,7.55,2.79,1.8,7.44,2.38,0.98
HG01765,7.67,3.0,2.1,7.53,2.46,1.09
HG01766,7.47,2.8,1.84,7.38,2.39,1.03
HG01767,7.65,3.33,2.6,7.44,2.56,1.32
HG01768,7.57,3.02,2.18,7.43,2.49,1.21
HG01770,7.69,3.16,2.3,7.55,2.58,1.25
HG01771,7.4,2.73,1.73,7.31,2.39,1.05
HG01773,7.55,2.7,1.62,7.52,2.43,1.04
HG01775,7.35,2.69,1.69,7.28,2.36,1.01
HG01776,7.73,2.97,2.01,7.64,2.55,1.18
HG01777,7.49,2.58,1.37,7.44,2.42,1.02
HG01779,7.38,2.73,1.73,7.3,2.36,0.96
HG01781,7.62,3.68,3.06,7.28,2.6,1.41
HG01783,7.72,3.26,2.47,7.54,2.59,1.35
HG01784,7.74,3.35,2.6,7.51,2.51,1.18
HG01785,7.42,3.1,2.32,7.23,2.43,1.16
HG01786,6.98,3.37,2.79,6.68,2.46,1.43
HG01789,7.53,2.82,1.8,7.46,2.48,1.11
HG01790,7.79,3.44,2.73,7.55,2.56,1.26
HG01791,7.67,2.74,1.62,7.59,2.45,1.02
HG01794,7.65,3.04,2.17,7.53,2.55,1.26
HG01795,7.35,3.23,2.5,7.14,2.52,1.35
HG01796,7.52,2.69,1.6,7.44,2.37,0.93
HG01797,7.5,2.69,1.6,7.44,2.42,1.01
HG01798,6.97,2.81,1.95,6.84,2.37,1.16
HG01799,7.75,2.99,2.01,7.65,2.58,1.21
HG01800,7.57,2.91,1.99,7.47,2.51,1.22
HG01801,7.57,2.98,2.12,7.44,2.46,1.14
HG01802,7.55,2.99,2.11,7.39,2.42,1.04
HG01804,7.58,2.68,1.55,7.51,2.44,1.04
HG01805,7.69,2.92,1.95,7.59,2.47,1.07
HG01806,7.65,3.03,2.06,7.56,2.67,1.39
HG01807,7.73,3.19,2.37,7.56,2.55,1.25
HG01808,7.69,3.21,2.4,7.54,2.6,1.36
HG01809,7.48,2.91,2.01,7.35,2.4,1.05
HG01810,7.82,3.3,2.49,7.62,2.54,1.17
HG01811,7.59,2.94,2.0,7.47,2.45,1.07
HG01812,7.56,2.82,1.84,7.46,2.39,0.97
HG01813,7.62,3.34,2.61,7.41,2.57,1.31
HG01815,7.78,3.3,2.5,7.57,2.52,1.17
HG01816,7.41,2.83,1.91,7.28,2.36,1.01
HG01817,7.54,2.94,2.04,7.42,2.46,1.13
HG01840,7.61,3.01,2.11,7.46,2.5,1.2
HG01841,7.8,3.5,2.81,7.57,2.72,1.57
HG01842,7.5,2.68,1.56,7.44,2.43,1.05
HG01843,7.61,3.04,2.18,7.46,2.47,1.15
HG01844,7.61,2.98,2.07,7.51,2.55,1.3
HG01845,7.6,2.91,1.97,7.48,2.44,1.05
HG01846,7.57,2.78,1.74,7.51,2.42,1.0
HG01847,7.6,3.19,2.4,7.46,2.67,1.49
HG01848,7.4,2.74,1.75,7.32,2.39,1.04
HG01849,7.64,3.36,2.63,7.41,2.57,1.35
HG01850,7.7,3.71,3.08,7.41,2.77,1.67
HG01851,7.61,3.15,2.32,7.45,2.55,1.28
HG01852,7.51,2.91,2.02,7.38,2.43,1.11
HG01853,7.51,2.79,1.79,7.43,2.47,1.18
HG01855,7.43,2.78,1.8,7.33,2.41,1.09
HG01857,7.58,2.99,2.11,7.45,2.47,1.15
HG01858,7.59,3.1,2.26,7.44,2.53,1.24
HG01859,7.62,2.92,1.97,7.51,2.44,1.07
HG01860,7.61,3.0,2.12,7.48,2.5,1.18
HG01861,7.56,3.17,2.38,7.37,2.52,1.28
HG01862,7.51,2.97,2.1,7.37,2.44,1.14
HG01863,7.53,2.87,1.91,7.42,2.46,1.13
HG01864,7.57,3.12,2.32,7.4,2.51,1.26
HG01865,7.52,2.98,2.11,7.37,2.44,1.12
HG01866,7.51,2.74,1.73,7.44,2.42,1.07
HG01867,7.54,2.81,1.82,7.44,2.44,1.11
HG01868,7.57,2.89,1.95,7.45,2.43,1.08
HG01869,7.67,2.92,1.97,7.55,2.46,1.08
HG01870,7.65,2.99,2.1,7.52,2.47,1.13
HG01871,7.65,3.11,2.29,7.49,2.49,1.18
HG01872,7.55,3.05,2.19,7.41,2.5,1.17
HG01873,7.75,3.5,2.75,7.52,2.74,1.56
HG01874,7.46,2.75,1.74,7.38,2.42,1.06
HG01878,7.45,2.74,1.69,7.36,2.44,1.11
HG01879,7.48,2.65,1.55,7.4,2.38,0.99
HG01880,7.6,2.66,1.52,7.56,2.44,1.05
HG01882,7.51,2.82,1.86,7.4,2.41,1.04
HG01883,7.58,2.95,2.03,7.46,2.48,1.13
HG01885,7.57,2.97,2.09,7.44,2.47,1.17
HG01886,7.65,3.07,2.19,7.5,2.55,1.25
HG01889,7.98,3.78,3.13,7.68,2.7,1.44
HG01890,7.74,3.41,2.68,7.52,2.59,1.35
HG01892,7.53,2.75,1.71,7.45,2.4,0.99
HG01893,7.53,2.59,1.42,7.5,2.42,1.03
HG01894,7.18,3.0,2.22,7.01,2.42,1.21
HG01896,7.67,3.13,2.27,7.52,2.55,1.23
HG01912,7.8,3.24,2.42,7.63,2.58,1.27
HG01914,7.52,2.58,1.41,7.49,2.4,1.0
HG01915,7.61,2.84,1.84,7.54,2.51,1.17
HG01917,7.98,3.87,3.21,7.76,3.09,2.03
HG01918,7.69,3.25,2.45,7.53,2.65,1.46
HG01920,7.7,3.27,2.48,7.51,2.58,1.3
HG01921,7.58,2.88,1.95,7.48,2.45,1.13
HG01923,7.67,3.04,2.12,7.57,2.61,1.33
HG01924,7.79,3.54,2.84,7.52,2.62,1.37
HG01926,7.54,2.85,1.89,7.42,2.42,1.06
HG01927,7.51,3.02,2.17,7.38,2.48,1.16
HG01932,7.44,2.53,1.3,7.39,2.36,0.93
HG01933,7.59,3.03,2.15,7.46,2.49,1.16
HG01935,7.38,2.77,1.81,7.29,2.38,1.02
HG01936,7.55,2.66,1.52,7.48,2.4,0.98
HG01938,7.46,2.95,2.07,7.33,2.46,1.18
HG01939,7.53,3.02,2.17,7.39,2.47,1.19
HG01941,7.52,3.0,2.15,7.38,2.5,1.24
HG01942,7.54,2.93,2.03,7.43,2.48,1.19
HG01944,7.54,3.1,2.27,7.39,2.53,1.27
HG01945,7.66,3.16,2.33,7.51,2.6,1.34
HG01947,7.53,2.67,1.53,7.5,2.47,1.12
HG01948,7.59,3.27,2.5,7.39,2.59,1.38
HG01950,7.51,2.64,1.5,7.5,2.55,1.3
HG01951,7.64,2.92,1.83,7.55,2.53,1.01
HG01953,7.62,3.23,2.46,7.43,2.51,1.25
HG01954,7.75,3.3,2.53,7.55,2.54,1.22
HG01956,7.52,2.78,1.78,7.43,2.41,1.04
HG01958,7.46,2.69,1.63,7.39,2.39,1.01
HG01961,7.67,2.86,1.75,7.64,2.73,1.54
HG01965,7.52,2.69,1.61,7.47,2.45,1.13
HG01967,7.65,2.96,2.0,7.55,2.56,1.21
HG01968,7.55,3.05,2.14,7.44,2.59,1.28
HG01970,7.49,2.57,1.37,7.46,2.38,0.94
HG01971,7.51,2.9,1.99,7.4,2.41,1.05
HG01973,7.62,2.66,1.46,7.59,2.58,1.28
HG01974,7.52,2.57,1.36,7.52,2.49,1.18
HG01976,7.54,2.9,1.98,7.43,2.4,1.0
HG01977,7.83,3.39,2.62,7.66,2.75,1.54
HG01979,7.52,3.03,2.18,7.37,2.46,1.13
HG01980,7.96,3.6,2.86,7.76,2.88,1.71
HG01982,7.36,2.52,1.34,7.32,2.36,0.99
HG01985,7.68,2.88,1.86,7.58,2.52,1.14
HG01986,7.76,3.18,2.34,7.62,2.64,1.38
HG01988,7.54,2.76,1.73,7.48,2.44,1.08
HG01989,7.59,2.83,1.84,7.49,2.39,0.94
HG01990,7.69,3.13,2.31,7.55,2.54,1.22
HG01991,7.61,2.81,1.82,7.53,2.49,1.2
HG01992,7.55,2.6,1.4,7.52,2.44,1.04
HG01997,7.59,2.62,1.44,7.54,2.42,1.03
HG02002,7.48,2.76,1.77,7.39,2.45,1.17
HG02003,7.6,2.83,1.84,7.52,2.46,1.11
HG02006,7.5,2.88,1.96,7.39,2.45,1.15
HG02008,7.84,3.38,2.59,7.66,2.7,1.43
HG02009,7.68,2.88,1.89,7.58,2.48,1.14
HG02010,7.66,2.88,1.9,7.56,2.48,1.09
HG02012,7.16,2.66,1.69,7.07,2.33,1.02
HG02013,7.49,2.7,1.63,7.43,2.47,1.18
HG02014,7.6,2.89,1.97,7.48,2.44,1.07
HG02016,7.63,2.72,1.64,7.55,2.41,0.96
HG02017,7.81,3.3,2.5,7.65,2.7,1.49
HG02019,7.6,2.71,1.63,7.52,2.38,0.93
HG02020,7.55,2.72,1.7,7.48,2.39,0.99
HG02023,7.48,2.73,1.72,7.4,2.37,0.97
HG02025,7.59,3.0,2.12,7.46,2.46,1.13
HG02026,7.68,2.8,1.78,7.58,2.41,0.97
HG02028,7.72,2.99,2.08,7.57,2.43,1.02
HG02029,7.56,2.92,2.03,7.45,2.46,1.15
HG02031,7.47,2.46,1.12,7.46,2.38,0.92
HG02032,7.66,3.2,2.41,7.48,2.51,1.21
HG02035,7.38,2.6,1.49,7.31,2.37,1.02
HG02040,7.4,2.47,1.14,7.4,2.47,1.12
HG02047,7.36,2.56,1.42,7.32,2.38,1.05
HG02048,7.46,2.57,1.39,7.44,2.43,1.08
HG02049,7.39,2.62,1.48,7.36,2.42,1.07
HG02050,7.27,2.65,1.59,7.21,2.42,1.15
HG02051,7.65,3.27,2.49,7.48,2.64,1.46
HG02052,7.68,2.92,1.97,7.57,2.46,1.07
HG02053,7.63,2.83,1.85,7.54,2.45,1.07
HG02054,8.11,3.98,3.35,7.78,2.87,1.69
HG02057,7.48,2.66,1.56,7.4,2.36,0.94
HG02058,7.35,2.53,1.36,7.34,2.44,1.18
HG02060,7.42,2.43,1.1,7.39,2.35,0.91
HG02061,7.5,3.1,2.29,7.35,2.47,1.17
HG02064,7.63,2.89,1.95,7.53,2.48,1.15
HG02067,7.54,2.83,1.87,7.44,2.48,1.19
HG02069,7.76,3.06,2.18,7.63,2.52,1.2
HG02070,7.56,2.74,1.71,7.49,2.42,1.03
HG02072,7.45,2.72,1.67,7.37,2.38,0.97
HG02073,7.54,2.76,1.75,7.48,2.47,1.18
HG02075,7.49,2.64,1.52,7.44,2.4,0.98
HG02076,7.5,2.9,2.01,7.39,2.44,1.13
HG02078,7.59,2.78,1.76,7.49,2.37,0.9
HG02079,7.59,2.85,1.88,7.5,2.43,1.04
HG02081,7.54,2.68,1.58,7.48,2.37,0.89
HG02082,7.54,2.64,1.49,7.48,2.38,0.92
HG02084,7.63,2.83,1.82,7.54,2.42,0.99
HG02085,7.62,2.94,2.03,7.49,2.44,1.07
HG02086,7.99,3.81,3.14,7.76,3.02,1.93
HG02087,7.47,2.78,1.8,7.37,2.38,1.02
HG02088,7.42,2.73,1.71,7.33,2.43,1.15
HG02089,7.72,3.17,2.35,7.6,2.69,1.57
HG02090,7.68,3.19,2.39,7.51,2.53,1.21
HG02095,7.64,3.11,2.21,7.5,2.61,1.34
HG02102,7.67,3.13,2.28,7.58,2.69,1.42
HG02104,7.45,2.87,1.95,7.32,2.39,1.04
HG02105,7.64,2.92,1.99,7.54,2.49,1.15
HG02107,7.07,2.74,1.86,6.96,2.32,1.08
HG02108,7.52,2.76,1.75,7.43,2.39,1.0
HG02111,7.68,3.31,2.56,7.47,2.54,1.27
HG02113,7.68,3.1,2.19,7.55,2.61,1.32
HG02116,7.55,2.8,1.8,7.46,2.4,1.03
HG02121,7.62,2.85,1.86,7.52,2.43,1.01
HG02122,7.58,2.96,2.06,7.46,2.52,1.24
HG02127,7.46,2.72,1.71,7.37,2.34,0.92
HG02128,7.6,3.02,2.14,7.47,2.48,1.14
HG02130,7.66,3.21,2.4,7.48,2.54,1.25
HG02131,7.47,2.77,1.77,7.4,2.48,1.2
HG02133,7.51,2.83,1.85,7.44,2.52,1.28
HG02134,7.66,3.16,2.36,7.53,2.64,1.46
HG02136,7.6,2.96,2.07,7.48,2.45,1.09
HG02137,7.59,3.03,2.17,7.44,2.47,1.14
HG02138,7.54,3.02,2.14,7.42,2.53,1.26
HG02139,7.54,3.05,2.22,7.4,2.48,1.19
HG02140,7.61,3.19,2.4,7.44,2.55,1.27
HG02141,7.52,2.79,1.82,7.43,2.42,1.07
HG02142,7.48,2.86,1.91,7.38,2.43,1.06
HG02143,6.89,2.41,1.29,6.85,2.25,0.94
HG02144,7.95,3.42,2.59,7.83,3.0,1.9
HG02146,7.78,3.2,2.37,7.61,2.54,1.2
HG02147,7.48,2.77,1.76,7.4,2.44,1.09
HG02150,7.55,3.0,2.11,7.43,2.52,1.23
HG02151,7.37,2.72,1.7,7.28,2.37,0.98
HG02152,7.53,2.78,1.78,7.45,2.43,1.08
HG02153,7.39,2.65,1.5,7.35,2.44,1.04
HG02154,7.58,3.04,2.13,7.46,2.55,1.26
HG02155,7.79,3.29,2.5,7.61,2.57,1.24
HG02156,7.5,2.81,1.82,7.4,2.42,1.05
HG02164,7.46,3.1,2.3,7.3,2.51,1.27
HG02165,7.4,2.51,1.26,7.37,2.37,0.96
HG02166,7.61,2.95,2.03,7.51,2.48,1.14
HG02178,7.61,3.01,2.14,7.48,2.46,1.13
HG02179,7.51,2.74,1.71,7.44,2.41,1.04
HG02180,7.65,3.19,2.38,7.49,2.6,1.38
HG02181,7.58,2.92,2.02,7.46,2.42,1.04
HG02182,7.67,3.39,2.67,7.46,2.58,1.33
HG02184,7.46,2.75,1.71,7.38,2.43,1.07
HG02185,7.58,2.94,2.02,7.45,2.47,1.14
HG02186,7.74,3.42,2.7,7.54,2.65,1.45
HG02187,7.75,3.23,2.42,7.57,2.55,1.23
HG02188,7.51,2.71,1.67,7.44,2.38,0.97
HG02190,7.42,2.64,1.57,7.36,2.34,0.92
HG02215,7.56,3.07,2.24,7.42,2.5,1.23
HG02219,7.32,2.68,1.64,7.25,2.4,1.09
HG02220,7.58,2.99,2.09,7.46,2.51,1.2
HG02221,7.57,2.94,2.01,7.44,2.43,1.04
HG02223,7.52,2.74,1.66,7.46,2.44,1.05
HG02224,7.57,3.01,2.14,7.43,2.47,1.15
HG02230,7.51,2.88,1.92,7.41,2.5,1.19
HG02231,7.71,3.14,2.31,7.56,2.57,1.33
HG02232,7.52,2.74,1.64,7.47,2.51,1.19
HG02233,7.58,3.08,2.25,7.42,2.48,1.18
HG02235,7.56,2.78,1.77,7.48,2.43,1.05
HG02236,7.52,3.0,2.15,7.37,2.44,1.13
HG02238,7.51,2.82,1.85,7.41,2.4,1.0
HG02239,7.68,3.17,2.34,7.52,2.56,1.26
HG02250,7.57,2.94,1.99,7.45,2.46,1.07
HG02252,7.34,2.78,1.81,7.25,2.48,1.28
HG02253,7.62,3.04,2.18,7.49,2.53,1.24
HG02255,7.67,3.22,2.42,7.48,2.51,1.2
HG02256,7.66,2.91,1.96,7.56,2.45,1.06
HG02259,7.53,2.98,2.09,7.39,2.44,1.1
HG02260,7.45,2.83,1.85,7.34,2.39,1.04
HG02262,7.55,3.29,2.54,7.33,2.51,1.25
HG02265,7.56,2.63,1.47,7.53,2.42,0.99
HG02266,7.62,3.13,2.28,7.46,2.53,1.25
HG02271,7.48,2.77,1.76,7.39,2.39,1.02
HG02272,7.69,3.42,2.69,7.45,2.58,1.33
HG02274,7.51,3.01,2.17,7.36,2.45,1.15
HG02275,7.55,2.81,1.84,7.46,2.42,1.06
HG02277,7.5,2.76,1.71,7.44,2.5,1.2
HG02278,7.63,2.93,1.93,7.55,2.62,1.35
HG02281,7.83,3.22,2.38,7.7,2.72,1.54
HG02282,7.62,3.0,2.1,7.5,2.59,1.41
HG02283,7.61,3.15,2.34,7.43,2.49,1.2
HG02284,7.7,3.28,2.5,7.53,2.65,1.5
HG02285,7.68,3.19,2.37,7.52,2.55,1.25
HG02286,7.6,2.79,1.81,7.52,2.42,1.03
HG02291,7.61,3.02,2.14,7.47,2.45,1.11
HG02292,7.52,2.96,2.09,7.39,2.44,1.12
HG02298,7.58,2.82,1.81,7.5,2.51,1.2
HG02299,7.54,2.86,1.91,7.44,2.43,1.07
HG02301,7.62,2.99,2.12,7.49,2.43,1.07
HG02304,7.5,2.8,1.84,7.4,2.41,1.07
HG02307,7.63,3.1,2.28,7.47,2.45,1.11
HG02308,7.67,3.2,2.42,7.5,2.54,1.26
HG02309,7.81,3.38,2.65,7.61,2.62,1.37
HG02312,7.59,3.04,2.19,7.45,2.48,1.16
HG02314,7.62,3.02,2.18,7.5,2.51,1.24
HG02315,7.52,2.52,1.23,7.52,2.48,1.14
HG02317,7.79,3.09,2.19,7.66,2.6,1.34
HG02318,7.68,2.94,1.98,7.58,2.53,1.18
HG02322,7.75,3.0,2.07,7.62,2.51,1.13
HG02323,7.62,3.0,2.09,7.49,2.54,1.24
HG02325,7.76,3.48,2.79,7.51,2.61,1.37
HG02330,7.54,2.69,1.6,7.47,2.38,0.93
HG02332,7.46,2.77,1.78,7.36,2.41,1.07
HG02334,7.68,3.17,2.37,7.51,2.51,1.19
HG02337,7.62,3.02,2.16,7.51,2.56,1.32
HG02339,7.6,2.78,1.75,7.52,2.39,0.95
HG02343,7.53,2.65,1.46,7.5,2.49,1.12
HG02345,7.54,3.05,2.19,7.39,2.49,1.2
HG02348,7.82,3.11,2.21,7.67,2.54,1.22
HG02351,7.44,3.0,2.14,7.31,2.48,1.17
HG02353,7.65,2.99,2.09,7.52,2.42,1.0
HG02355,7.63,2.83,1.84,7.53,2.4,0.98
HG02356,7.65,3.09,2.25,7.5,2.49,1.15
HG02360,7.65,2.94,2.0,7.54,2.45,1.05
HG02364,7.45,2.71,1.64,7.36,2.39,1.0
HG02367,7.59,2.86,1.9,7.48,2.41,1.03
HG02371,7.74,3.31,2.55,7.53,2.54,1.25
HG02373,7.24,3.62,3.07,6.89,2.58,1.55
HG02374,7.36,2.77,1.79,7.26,2.36,1.0
HG02375,7.26,2.58,1.47,7.2,2.33,0.97
HG02379,7.77,3.18,2.34,7.62,2.58,1.29
HG02380,7.5,2.79,1.79,7.4,2.39,0.97
HG02382,7.57,2.77,1.74,7.49,2.39,0.92
HG02383,7.62,2.96,2.03,7.5,2.46,1.11
HG02384,7.59,2.67,1.54,7.52,2.37,0.88
HG02385,7.62,2.67,1.52,7.55,2.38,0.9
HG02386,7.7,3.1,2.22,7.55,2.55,1.22
HG02389,7.65,2.67,1.53,7.58,2.41,0.95
HG02390,7.87,3.29,2.45,7.68,2.61,1.24
HG02391,7.6,3.0,2.11,7.46,2.4,0.99
HG02392,7.75,3.36,2.62,7.52,2.57,1.28
HG02394,7.51,2.68,1.56,7.47,2.43,1.04
HG02395,7.49,2.7,1.66,7.42,2.39,1.01
HG02396,7.64,3.14,2.28,7.53,2.69,1.48
HG02397,7.61,2.81,1.82,7.52,2.43,1.03
HG02398,7.73,3.05,2.15,7.61,2.6,1.32
HG02399,7.73,3.22,2.43,7.56,2.54,1.25
HG02401,7.59,2.81,1.78,7.49,2.41,0.97
HG02402,7.79,3.24,2.42,7.64,2.68,1.44
HG02406,7.58,2.93,2.01,7.48,2.48,1.17
HG02407,7.51,2.77,1.75,7.42,2.38,0.95
HG02408,7.78,3.17,2.32,7.62,2.56,1.29
HG02409,7.63,3.07,2.19,7.53,2.68,1.49
HG02410,7.56,2.91,1.98,7.44,2.47,1.15
HG02419,7.75,3.16,2.34,7.59,2.52,1.22
HG02420,7.56,2.75,1.7,7.47,2.39,0.94
HG02425,7.61,3.05,2.16,7.46,2.42,1.0
HG02427,7.55,2.81,1.83,7.47,2.42,1.05
HG02429,7.59,3.04,2.15,7.49,2.6,1.36
HG02433,7.61,3.02,2.17,7.47,2.53,1.26
HG02439,7.49,2.69,1.62,7.42,2.41,1.03
HG02442,7.66,3.03,2.14,7.52,2.49,1.18
HG02445,7.65,3.41,2.69,7.41,2.55,1.28
HG02449,7.59,3.17,2.39,7.39,2.47,1.16
HG02450,7.86,3.73,3.09,7.57,2.74,1.6
HG02455,7.66,3.29,2.53,7.45,2.52,1.24
HG02461,7.43,2.75,1.73,7.33,2.4,1.01
HG02462,7.56,3.01,2.14,7.41,2.45,1.13
HG02464,7.59,2.67,1.55,7.55,2.43,1.04
HG02465,7.61,2.79,1.68,7.55,2.61,1.32
HG02470,7.7,3.23,2.44,7.52,2.55,1.27
HG02471,7.44,2.69,1.66,7.37,2.36,0.96
HG02476,7.45,2.71,1.66,7.35,2.36,0.96
HG02477,7.67,3.26,2.48,7.46,2.53,1.27
HG02479,7.58,2.95,2.01,7.47,2.52,1.23
HG02481,7.65,2.92,2.0,7.53,2.44,1.1
HG02484,7.53,2.94,2.03,7.4,2.42,1.05
HG02485,7.65,3.01,2.11,7.53,2.55,1.24
HG02489,7.53,3.05,2.21,7.36,2.44,1.1
HG02490,7.47,3.0,2.15,7.3,2.38,1.03
HG02491,7.6,3.04,2.18,7.45,2.5,1.23
HG02493,7.69,3.21,2.41,7.5,2.49,1.16
HG02494,7.48,2.94,2.04,7.37,2.46,1.14
HG02496,7.48,2.61,1.49,7.43,2.36,0.95
HG02497,7.57,2.91,1.97,7.46,2.47,1.16
HG02501,7.55,2.83,1.85,7.46,2.44,1.09
HG02502,7.59,2.76,1.71,7.52,2.43,1.03
HG02505,7.65,2.92,1.98,7.56,2.46,1.06
HG02508,7.63,3.06,2.21,7.48,2.45,1.09
HG02511,7.4,3.16,2.41,7.2,2.44,1.19
HG02512,7.53,3.08,2.25,7.35,2.44,1.13
HG02513,7.66,3.23,2.45,7.45,2.49,1.17
HG02521,7.6,3.05,2.2,7.43,2.45,1.11
HG02522,7.72,3.02,2.12,7.6,2.49,1.11
HG02536,7.53,2.97,2.09,7.38,2.41,1.07
HG02537,7.66,3.28,2.51,7.46,2.51,1.21
HG02541,7.59,2.95,2.03,7.45,2.45,1.11
HG02545,7.8,3.05,2.13,7.65,2.52,1.16
HG02546,7.55,2.83,1.85,7.44,2.4,0.99
HG02549,7.61,3.11,2.29,7.44,2.51,1.22
HG02554,7.28,2.93,2.1,7.13,2.38,1.13
HG02555,7.62,3.19,2.4,7.43,2.49,1.19
HG02557,7.46,2.54,1.33,7.44,2.4,1.01
HG02558,7.59,2.91,1.96,7.48,2.49,1.15
HG02561,7.24,2.64,1.62,7.18,2.36,1.06
HG02562,7.22,2.71,1.77,7.13,2.34,1.04
HG02568,7.72,3.06,2.12,7.62,2.64,1.32
HG02570,7.65,3.27,2.47,7.48,2.61,1.34
HG02571,7.65,3.12,2.27,7.49,2.5,1.17
HG02573,7.49,3.04,2.21,7.33,2.45,1.13
HG02574,7.63,2.78,1.72,7.55,2.48,1.14
HG02577,7.45,3.05,2.23,7.31,2.48,1.23
HG02580,7.56,2.91,1.96,7.45,2.46,1.11
HG02582,7.64,2.98,2.08,7.51,2.49,1.18
HG02583,7.38,3.45,2.81,7.11,2.55,1.43
HG02585,7.78,3.16,2.26,7.64,2.61,1.29
HG02586,7.62,2.93,2.01,7.51,2.45,1.09
HG02588,7.67,3.18,2.37,7.49,2.51,1.21
HG02589,7.16,3.19,2.5,6.93,2.42,1.25
HG02594,7.71,3.09,2.24,7.59,2.57,1.31
HG02595,7.77,3.39,2.59,7.56,2.66,1.37
HG02597,7.59,2.93,2.01,7.47,2.45,1.09
HG02600,7.57,3.16,2.37,7.4,2.5,1.21
HG02601,7.63,2.9,1.96,7.53,2.44,1.05
HG02603,7.64,3.12,2.29,7.48,2.53,1.26
HG02604,7.59,2.85,1.87,7.51,2.47,1.13
HG02610,7.63,2.9,1.93,7.53,2.53,1.23
HG02611,7.54,2.72,1.66,7.49,2.44,1.07
HG02613,7.62,3.03,2.16,7.47,2.47,1.13
HG02614,7.82,3.34,2.56,7.61,2.56,1.24
HG02620,7.78,3.36,2.6,7.56,2.55,1.23
HG02621,7.71,3.1,2.22,7.59,2.57,1.26
HG02623,7.66,3.1,2.26,7.51,2.49,1.15
HG02624,7.31,3.0,2.19,7.15,2.44,1.2
HG02628,7.82,3.53,2.84,7.57,2.62,1.35
HG02629,7.77,3.36,2.61,7.56,2.55,1.24
HG02634,7.48,3.09,2.2,7.39,2.7,1.49
HG02635,7.51,2.85,1.91,7.39,2.43,1.08
HG02642,7.63,3.03,2.15,7.49,2.48,1.14
HG02643,7.77,3.29,2.51,7.57,2.55,1.23
HG02645,7.56,2.83,1.85,7.46,2.43,1.07
HG02646,7.71,3.3,2.54,7.51,2.52,1.2
HG02648,7.44,2.54,1.33,7.42,2.42,1.06
HG02649,7.84,3.47,2.74,7.6,2.6,1.28
HG02651,7.73,3.22,2.35,7.61,2.73,1.45
HG02652,7.7,3.11,2.11,7.6,2.78,1.47
HG02654,7.58,3.09,2.27,7.42,2.48,1.18
HG02655,7.61,3.02,2.12,7.49,2.49,1.15
HG02657,7.87,3.54,2.81,7.61,2.63,1.35
HG02658,7.55,2.79,1.77,7.47,2.46,1.12
HG02660,7.66,3.17,2.36,7.47,2.49,1.17
HG02661,7.79,3.32,2.54,7.59,2.56,1.25
HG02666,7.62,3.05,2.19,7.49,2.5,1.18
HG02667,7.65,3.07,2.21,7.51,2.49,1.14
HG02675,7.61,2.87,1.9,7.52,2.47,1.13
HG02676,7.75,3.36,2.6,7.56,2.64,1.43
HG02678,7.51,2.71,1.65,7.46,2.42,1.04
HG02679,7.56,3.02,2.17,7.41,2.46,1.12
HG02681,7.65,3.08,2.24,7.51,2.52,1.23
HG02682,7.67,2.89,1.91,7.58,2.52,1.23
HG02684,7.73,3.33,2.57,7.51,2.57,1.3
HG02685,7.58,2.96,2.07,7.45,2.44,1.08
HG02687,7.6,3.02,2.15,7.46,2.52,1.26
HG02688,7.57,3.03,2.17,7.42,2.46,1.14
HG02690,7.67,3.16,2.34,7.49,2.52,1.21
HG02691,7.51,3.17,2.39,7.34,2.52,1.28
HG02694,7.63,3.05,2.15,7.51,2.6,1.31
HG02696,7.65,3.34,2.59,7.43,2.57,1.34
HG02697,7.72,3.24,2.45,7.55,2.55,1.24
HG02699,7.71,3.21,2.39,7.54,2.57,1.3
HG02700,7.73,3.17,2.36,7.56,2.53,1.21
HG02702,7.67,2.95,2.02,7.57,2.56,1.33
HG02703,7.91,3.56,2.86,7.67,2.65,1.38
HG02715,7.42,2.91,2.0,7.29,2.46,1.16
HG02716,7.53,3.02,2.16,7.4,2.47,1.15
HG02721,7.67,3.17,2.34,7.5,2.54,1.26
HG02722,7.56,2.79,1.78,7.48,2.45,1.09
HG02724,7.48,2.78,1.8,7.39,2.41,1.07
HG02725,7.4,2.78,1.81,7.31,2.4,1.04
HG02727,7.59,3.04,2.17,7.44,2.46,1.12
HG02728,7.45,3.34,2.65,7.21,2.53,1.32
HG02731,7.82,3.39,2.64,7.6,2.61,1.34
HG02733,7.6,2.97,2.04,7.46,2.46,1.12
HG02734,7.81,3.32,2.55,7.61,2.55,1.22
HG02736,7.62,3.06,2.21,7.48,2.5,1.21
HG02737,7.75,3.43,2.7,7.54,2.62,1.36
HG02756,7.49,2.57,1.38,7.45,2.43,1.09
HG02757,7.11,2.74,1.85,7.0,2.31,1.01
HG02759,7.69,3.46,2.76,7.45,2.57,1.31
HG02760,7.72,2.97,2.03,7.62,2.55,1.26
HG02763,7.37,3.01,2.2,7.23,2.45,1.19
HG02768,7.52,3.19,2.39,7.33,2.5,1.22
HG02769,7.49,3.05,2.21,7.33,2.47,1.18
HG02771,7.78,3.56,2.87,7.52,2.62,1.34
HG02772,7.59,3.1,2.28,7.44,2.5,1.19
HG02774,7.66,2.82,1.78,7.59,2.46,1.06
HG02775,7.55,2.64,1.49,7.5,2.41,0.99
HG02778,7.69,3.09,2.23,7.55,2.53,1.21
HG02780,7.38,3.05,2.26,7.21,2.45,1.2
HG02783,7.51,2.86,1.9,7.41,2.45,1.14
HG02784,7.65,3.15,2.34,7.5,2.55,1.28
HG02786,7.55,3.19,2.4,7.36,2.52,1.25
HG02787,7.66,3.58,2.94,7.4,2.71,1.61
HG02789,7.83,3.13,2.24,7.7,2.57,1.23
HG02790,7.78,3.31,2.53,7.58,2.56,1.24
HG02792,7.59,2.58,1.39,7.55,2.38,0.94
HG02793,7.49,2.75,1.73,7.4,2.39,1.0
HG02798,7.43,2.89,1.98,7.3,2.42,1.09
HG02799,7.86,3.5,2.77,7.63,2.67,1.42
HG02804,7.68,3.43,2.72,7.46,2.63,1.43
HG02805,7.73,3.18,2.26,7.61,2.72,1.46
HG02807,7.17,2.9,2.06,7.02,2.36,1.1
HG02808,7.92,3.77,3.13,7.63,2.76,1.58
HG02810,7.95,3.78,3.14,7.67,2.79,1.63
HG02811,7.84,3.66,2.99,7.58,2.74,1.57
HG02813,7.78,3.1,2.19,7.65,2.57,1.25
HG02814,7.21,2.75,1.84,7.1,2.32,1.01
HG02816,7.86,3.84,3.22,7.53,2.81,1.68
HG02817,8.01,3.94,3.31,7.67,2.77,1.55
HG02819,7.94,4.05,3.48,7.55,2.77,1.61
HG02820,7.82,3.41,2.67,7.62,2.64,1.37
HG02836,7.68,3.26,2.48,7.49,2.55,1.27
HG02837,7.64,3.01,2.1,7.51,2.53,1.21
HG02839,7.76,3.52,2.83,7.53,2.74,1.62
HG02840,7.94,3.62,2.91,7.69,2.71,1.48
HG02851,7.8,3.14,2.28,7.64,2.56,1.23
HG02852,7.72,3.01,2.1,7.6,2.5,1.11
HG02854,7.67,3.36,2.63,7.44,2.58,1.34
HG02855,7.55,3.29,2.56,7.34,2.57,1.37
HG02860,7.84,3.73,3.1,7.5,2.64,1.41
HG02861,7.69,3.26,2.47,7.49,2.52,1.19
HG02870,7.49,2.8,1.81,7.38,2.4,1.02
HG02878,7.69,3.26,2.49,7.51,2.57,1.28
HG02879,7.71,3.26,2.48,7.53,2.57,1.29
HG02881,7.73,3.34,2.58,7.52,2.56,1.26
HG02882,7.58,3.03,2.16,7.43,2.48,1.16
HG02884,7.84,3.43,2.69,7.62,2.61,1.34
HG02885,7.12,2.92,2.11,6.97,2.37,1.15
HG02887,7.69,3.11,2.26,7.54,2.51,1.17
HG02888,7.7,2.89,1.9,7.6,2.48,1.11
HG02890,7.56,2.79,1.77,7.49,2.43,1.04
HG02891,7.63,3.14,2.31,7.45,2.48,1.18
HG02895,7.52,3.37,2.68,7.26,2.5,1.25
HG02896,7.64,3.15,2.34,7.48,2.51,1.2
HG02922,7.77,3.26,2.46,7.58,2.55,1.22
HG02923,7.67,3.17,2.36,7.51,2.57,1.3
HG02938,7.24,2.56,1.46,7.18,2.31,0.92
HG02941,7.55,2.94,2.01,7.42,2.41,1.03
HG02943,7.65,3.06,2.18,7.5,2.51,1.18
HG02944,7.5,3.25,2.51,7.31,2.56,1.34
HG02946,7.56,2.79,1.77,7.47,2.45,1.1
HG02947,8.04,4.03,3.44,7.68,2.84,1.7
HG02952,7.74,3.09,2.22,7.6,2.52,1.17
HG02953,7.68,2.9,1.91,7.58,2.47,1.06
HG02968,7.65,3.06,2.21,7.49,2.46,1.11
HG02970,7.82,3.22,2.4,7.65,2.57,1.26
HG02971,7.76,3.33,2.59,7.56,2.58,1.31
HG02973,7.68,2.95,2.02,7.56,2.46,1.09
HG02974,7.55,2.7,1.61,7.5,2.38,0.92
HG02976,7.61,3.18,2.41,7.43,2.49,1.21
HG02977,7.71,2.99,2.09,7.57,2.46,1.05
HG02979,7.61,3.16,2.37,7.44,2.49,1.18
HG02981,7.62,2.96,2.05,7.5,2.47,1.15
HG02982,7.62,2.88,1.92,7.52,2.46,1.08
HG02983,7.56,2.94,2.04,7.42,2.42,1.05
HG03006,7.33,2.99,2.16,7.18,2.47,1.25
HG03007,7.71,3.03,2.1,7.61,2.59,1.27
HG03009,7.66,2.99,2.1,7.56,2.53,1.26
HG03012,7.72,3.3,2.51,7.52,2.53,1.21
HG03015,7.68,3.26,2.49,7.47,2.51,1.2
HG03016,7.62,3.21,2.38,7.48,2.66,1.37
HG03018,7.71,3.26,2.47,7.53,2.58,1.29
HG03019,7.55,2.76,1.71,7.47,2.44,1.03
HG03021,7.72,3.44,2.73,7.49,2.63,1.39
HG03022,7.5,3.04,2.2,7.35,2.52,1.31
HG03024,7.69,3.02,2.09,7.56,2.5,1.12
HG03025,7.71,2.91,1.95,7.61,2.48,1.09
HG03027,7.82,3.27,2.47,7.65,2.62,1.32
HG03028,7.98,3.53,2.81,7.74,2.65,1.35
HG03039,7.67,2.9,1.91,7.55,2.45,1.03
HG03040,7.68,3.01,2.09,7.54,2.47,1.07
HG03045,7.58,3.05,2.16,7.42,2.47,1.12
HG03046,7.76,3.15,2.3,7.6,2.51,1.15
HG03048,7.72,3.21,2.4,7.55,2.61,1.37
HG03049,7.75,3.0,2.09,7.62,2.49,1.12
HG03052,7.69,3.06,2.21,7.55,2.49,1.15
HG03054,7.39,3.11,2.33,7.21,2.46,1.23
HG03055,7.75,3.52,2.79,7.55,2.79,1.53
HG03057,7.83,3.14,2.27,7.67,2.52,1.13
HG03058,7.56,2.85,1.87,7.47,2.46,1.11
HG03060,7.67,3.3,2.52,7.45,2.51,1.21
HG03061,7.47,2.99,2.13,7.31,2.43,1.1
HG03063,7.7,3.23,2.44,7.54,2.57,1.28
HG03064,7.56,3.13,2.33,7.38,2.47,1.17
HG03066,7.52,2.87,1.93,7.4,2.39,1.01
HG03069,7.32,3.0,2.19,7.17,2.41,1.15
HG03072,7.12,3.28,2.64,6.86,2.44,1.29
HG03073,7.61,3.51,2.84,7.34,2.63,1.47
HG03074,7.81,3.31,2.54,7.6,2.56,1.23
HG03077,7.92,3.66,2.98,7.66,2.74,1.51
HG03078,7.81,3.28,2.49,7.64,2.59,1.29
HG03079,7.67,2.9,1.91,7.58,2.53,1.18
HG03081,7.37,2.63,1.56,7.31,2.38,1.03
HG03082,7.43,2.84,1.89,7.31,2.42,1.1
HG03084,7.81,3.5,2.8,7.57,2.64,1.4
HG03085,7.75,3.29,2.53,7.55,2.53,1.21
HG03086,7.48,2.52,1.24,7.44,2.37,0.91
HG03088,7.77,3.52,2.83,7.49,2.58,1.33
HG03091,7.86,3.64,2.97,7.58,2.65,1.41
HG03095,7.8,3.08,2.15,7.67,2.56,1.19
HG03096,7.71,3.14,2.29,7.54,2.53,1.21
HG03097,7.48,2.78,1.77,7.38,2.43,1.07
HG03099,7.53,2.99,2.12,7.39,2.44,1.09
HG03100,7.56,3.0,2.14,7.4,2.43,1.07
HG03103,7.16,3.23,2.56,6.9,2.39,1.2
HG03105,7.69,3.27,2.49,7.49,2.52,1.19
HG03108,7.2,2.85,1.99,7.06,2.36,1.09
HG03109,7.4,2.8,1.85,7.3,2.39,1.04
HG03111,7.47,2.78,1.8,7.35,2.38,0.99
HG03112,7.75,3.36,2.62,7.54,2.6,1.36
HG03114,7.59,2.88,1.92,7.49,2.44,1.07
HG03115,7.98,3.5,2.75,7.75,2.65,1.35
HG03117,7.24,2.77,1.86,7.13,2.33,1.0
HG03118,7.59,3.07,2.23,7.46,2.56,1.27
HG03120,7.59,3.21,2.43,7.39,2.5,1.22
HG03121,7.79,3.66,3.02,7.49,2.67,1.51
HG03123,7.6,2.97,2.06,7.46,2.45,1.07
HG03124,7.7,3.16,2.32,7.53,2.54,1.24
HG03126,7.43,2.95,2.09,7.3,2.4,1.08
HG03127,7.67,2.81,1.77,7.62,2.46,1.02
HG03129,7.81,3.48,2.75,7.58,2.62,1.35
HG03130,7.02,2.87,2.07,6.86,2.3,1.05
HG03132,7.68,3.19,2.38,7.52,2.57,1.26
HG03133,7.41,3.13,2.36,7.21,2.44,1.17
HG03135,7.59,2.91,1.99,7.49,2.46,1.1
HG03136,7.59,2.97,2.06,7.47,2.45,1.1
HG03139,7.49,3.14,2.36,7.3,2.47,1.2
HG03157,7.6,3.14,2.3,7.41,2.52,1.23
HG03159,7.56,3.08,2.25,7.39,2.46,1.11
HG03160,7.71,2.83,1.8,7.61,2.46,1.06
HG03162,7.58,2.78,1.75,7.49,2.39,0.96
HG03163,7.54,2.85,1.88,7.43,2.43,1.07
HG03166,7.49,2.53,1.3,7.46,2.36,0.89
HG03168,7.51,2.88,1.94,7.37,2.4,1.02
HG03169,7.49,2.78,1.78,7.39,2.42,1.06
HG03172,7.63,3.07,2.22,7.49,2.5,1.19
HG03175,7.48,2.78,1.79,7.39,2.43,1.1
HG03189,7.57,2.85,1.9,7.47,2.41,1.03
HG03190,7.77,3.22,2.37,7.6,2.59,1.26
HG03193,7.45,2.71,1.68,7.37,2.37,0.98
HG03195,7.53,2.76,1.73,7.46,2.43,1.06
HG03196,7.7,3.04,2.13,7.56,2.49,1.12
HG03198,7.63,3.1,2.27,7.48,2.51,1.22
HG03199,7.67,3.21,2.36,7.51,2.6,1.3
HG03202,7.73,2.81,1.75,7.64,2.48,1.06
HG03209,7.5,2.79,1.8,7.41,2.42,1.07
HG03212,7.51,2.81,1.84,7.4,2.38,0.98
HG03224,7.7,3.23,2.45,7.53,2.6,1.39
HG03225,7.52,2.88,1.95,7.42,2.45,1.13
HG03228,7.66,2.92,1.96,7.56,2.48,1.09
HG03229,7.77,3.17,2.33,7.6,2.52,1.17
HG03234,7.47,2.69,1.6,7.43,2.39,0.97
HG03235,7.64,3.6,2.98,7.35,2.58,1.4
HG03237,7.62,3.13,2.32,7.44,2.49,1.19
HG03238,7.62,3.14,2.34,7.45,2.48,1.15
HG03240,7.59,2.89,1.94,7.48,2.44,1.08
HG03241,7.63,3.12,2.3,7.46,2.51,1.23
HG03246,7.72,3.15,2.32,7.56,2.5,1.14
HG03247,7.64,3.23,2.46,7.44,2.51,1.21
HG03258,7.57,3.47,2.79,7.3,2.53,1.3
HG03259,7.3,3.15,2.44,7.07,2.38,1.11
HG03265,7.64,2.83,1.8,7.54,2.47,1.09
HG03267,7.41,2.9,1.97,7.28,2.43,1.09
HG03268,7.71,3.26,2.47,7.51,2.53,1.21
HG03270,6.54,2.65,1.84,6.4,2.18,1.0
HG03271,7.62,2.98,2.09,7.49,2.44,1.07
HG03279,7.34,2.84,1.91,7.22,2.4,1.07
HG03280,7.31,2.77,1.83,7.2,2.35,0.99
HG03291,7.61,2.81,1.81,7.53,2.45,1.05
HG03294,7.59,2.79,1.79,7.52,2.41,1.0
HG03295,7.63,2.93,2.0,7.52,2.49,1.2
HG03297,7.67,2.96,2.04,7.55,2.48,1.12
HG03298,7.54,3.04,2.2,7.38,2.43,1.1
HG03300,7.48,2.76,1.75,7.39,2.4,1.02
HG03301,7.53,2.87,1.93,7.42,2.41,1.03
HG03303,7.75,3.31,2.54,7.56,2.56,1.26
HG03304,7.72,3.31,2.54,7.5,2.53,1.22
HG03311,7.37,2.52,1.34,7.33,2.34,0.94
HG03313,7.63,3.12,2.28,7.49,2.56,1.28
HG03342,7.49,2.88,1.95,7.36,2.39,1.0
HG03343,7.03,2.87,2.08,6.87,2.32,1.1
HG03351,7.35,2.99,2.17,7.19,2.4,1.1
HG03352,7.61,2.7,1.58,7.56,2.45,1.02
HG03354,7.82,3.49,2.78,7.58,2.66,1.46
HG03363,7.72,3.09,2.22,7.6,2.54,1.2
HG03366,7.38,3.06,2.26,7.2,2.42,1.14
HG03367,7.41,3.09,2.32,7.23,2.44,1.19
HG03369,7.25,3.1,2.36,7.04,2.4,1.15
HG03370,7.64,2.99,2.09,7.53,2.52,1.25
HG03372,7.29,3.07,2.32,7.11,2.42,1.22
HG03376,7.75,3.27,2.47,7.59,2.6,1.33
HG03378,7.74,3.24,2.46,7.56,2.51,1.16
HG03380,7.65,3.21,2.42,7.46,2.51,1.22
HG03382,7.61,2.8,1.76,7.54,2.45,1.04
HG03385,7.47,2.69,1.62,7.4,2.41,1.05
HG03388,7.54,2.94,2.04,7.42,2.47,1.17
HG03391,7.66,3.23,2.45,7.49,2.55,1.31
HG03394,7.53,2.84,1.88,7.43,2.42,1.07
HG03397,7.65,2.81,1.79,7.58,2.48,1.11
HG03401,7.91,3.3,2.43,7.77,2.78,1.48
HG03410,7.64,2.81,1.78,7.55,2.43,1.0
HG03419,7.68,3.23,2.45,7.5,2.56,1.28
HG03428,7.92,3.85,3.24,7.58,2.75,1.59
HG03432,7.46,3.0,2.13,7.31,2.43,1.11
HG03433,7.11,2.63,1.66,7.02,2.3,1.0
HG03436,7.42,2.57,1.41,7.34,2.34,0.92
HG03437,7.65,3.06,2.2,7.51,2.47,1.11
HG03439,7.49,2.97,2.07,7.33,2.42,1.05
HG03442,7.58,3.01,2.14,7.43,2.44,1.1
HG03445,7.62,2.91,1.96,7.51,2.44,1.07
HG03446,7.66,3.14,2.31,7.51,2.5,1.16
HG03449,7.58,2.97,2.07,7.45,2.48,1.18
HG03451,7.63,2.92,2.01,7.51,2.44,1.07
HG03452,7.39,3.33,2.64,7.16,2.55,1.4
HG03455,7.55,2.84,1.85,7.47,2.47,1.13
HG03457,7.26,3.17,2.45,7.06,2.45,1.25
HG03458,7.65,2.82,1.81,7.57,2.44,1.04
HG03460,7.43,2.82,1.88,7.32,2.4,1.05
HG03461,7.55,2.65,1.54,7.49,2.39,0.95
HG03464,7.68,3.12,2.28,7.53,2.51,1.17
HG03469,7.64,3.0,2.1,7.51,2.5,1.15
HG03470,7.53,3.2,2.42,7.35,2.52,1.26
HG03472,7.7,3.07,2.21,7.55,2.47,1.09
HG03473,7.69,2.78,1.71,7.59,2.42,0.95
HG03476,7.69,3.0,2.1,7.57,2.5,1.17
HG03478,7.3,2.67,1.65,7.24,2.4,1.07
HG03479,7.52,3.25,2.53,7.32,2.52,1.32
HG03484,7.81,3.25,2.43,7.63,2.55,1.22
HG03485,7.6,2.93,2.0,7.49,2.46,1.09
HG03488,7.67,3.16,2.36,7.5,2.51,1.18
HG03490,7.55,3.01,2.14,7.42,2.48,1.16
HG03491,7.65,3.13,2.31,7.5,2.5,1.18
HG03499,7.12,2.74,1.81,7.01,2.3,0.99
HG03511,7.47,2.86,1.96,7.36,2.45,1.18
HG03514,7.76,3.32,2.55,7.56,2.57,1.26
HG03515,7.6,2.98,2.06,7.49,2.51,1.18
HG03517,7.36,3.37,2.69,7.13,2.6,1.45
HG03518,7.7,3.24,2.46,7.52,2.56,1.28
HG03520,7.65,3.13,2.31,7.48,2.45,1.09
HG03521,7.58,3.0,2.14,7.45,2.48,1.18
HG03538,7.65,3.19,2.39,7.48,2.53,1.25
HG03539,7.75,3.19,2.4,7.59,2.58,1.32
HG03547,7.65,3.0,2.12,7.52,2.53,1.24
HG03548,7.49,2.63,1.54,7.44,2.38,0.95
HG03556,7.51,2.93,2.03,7.39,2.44,1.09
HG03557,7.45,3.13,2.3,7.3,2.61,1.41
HG03558,7.65,3.0,2.12,7.51,2.46,1.1
HG03559,7.49,2.59,1.44,7.45,2.4,1.0
HG03563,7.57,2.92,1.98,7.46,2.45,1.05
HG03565,7.44,2.71,1.69,7.35,2.37,0.97
HG03567,7.56,2.8,1.81,7.48,2.44,1.08
HG03571,7.43,2.92,2.04,7.29,2.43,1.13
HG03572,7.68,3.02,2.13,7.55,2.48,1.1
HG03575,7.7,3.23,2.42,7.51,2.56,1.27
HG03577,7.67,2.99,2.09,7.55,2.5,1.17
HG03578,7.7,3.18,2.36,7.53,2.55,1.24
HG03583,7.58,2.81,1.83,7.5,2.44,1.08
HG03585,7.68,3.23,2.45,7.51,2.58,1.35
HG03589,7.53,2.74,1.68,7.44,2.39,0.99
HG03593,7.61,2.92,1.99,7.5,2.46,1.1
HG03594,7.82,3.36,2.57,7.62,2.66,1.4
HG03595,7.42,3.17,2.43,7.2,2.44,1.19
HG03598,7.83,3.18,2.32,7.69,2.58,1.24
HG03600,7.5,2.4,0.95,7.48,2.35,0.83
HG03603,7.18,2.87,2.01,7.03,2.36,1.1
HG03604,7.62,3.13,2.33,7.43,2.46,1.12
HG03607,7.75,3.2,2.37,7.58,2.59,1.3
HG03611,6.68,3.19,2.57,6.42,2.42,1.38
HG03615,7.45,2.98,2.11,7.34,2.54,1.34
HG03616,7.48,2.65,1.57,7.42,2.37,0.95
HG03619,7.66,2.97,2.03,7.56,2.52,1.17
HG03624,7.59,2.75,1.69,7.5,2.43,1.03
HG03625,7.36,3.24,2.51,7.14,2.48,1.27
HG03629,7.53,2.79,1.8,7.46,2.49,1.23
HG03631,7.69,3.14,2.3,7.53,2.53,1.23
HG03634,7.75,3.49,2.76,7.54,2.74,1.5
HG03636,7.7,3.16,2.32,7.54,2.56,1.26
HG03640,7.84,3.46,2.72,7.62,2.67,1.43
HG03642,7.49,2.71,1.68,7.42,2.4,1.02
HG03643,7.69,3.21,2.35,7.59,2.85,1.77
HG03644,8.0,3.73,3.05,7.73,2.74,1.5
HG03645,7.62,2.94,1.99,7.49,2.44,1.03
HG03646,7.74,3.25,2.44,7.57,2.59,1.3
HG03649,7.55,2.97,2.08,7.41,2.45,1.13
HG03652,7.36,2.73,1.69,7.28,2.44,1.11
HG03653,7.7,3.04,2.14,7.55,2.46,1.06
HG03660,7.28,2.71,1.69,7.21,2.4,1.08
HG03663,7.52,2.82,1.86,7.42,2.42,1.06
HG03667,7.45,2.83,1.87,7.34,2.41,1.06
HG03668,7.51,2.55,1.29,7.46,2.4,0.96
HG03672,7.18,3.66,3.1,6.82,2.61,1.59
HG03673,7.54,2.93,2.04,7.43,2.44,1.12
HG03679,7.6,2.97,2.07,7.49,2.5,1.19
HG03680,7.66,2.97,2.06,7.55,2.48,1.13
HG03681,7.73,3.14,2.3,7.59,2.57,1.3
HG03684,7.59,3.02,2.16,7.45,2.45,1.1
HG03685,7.73,3.11,2.26,7.58,2.54,1.23
HG03686,7.54,2.95,2.05,7.43,2.45,1.11
HG03687,7.66,2.72,1.62,7.59,2.45,1.05
HG03689,7.4,3.01,2.19,7.25,2.45,1.19
HG03690,7.59,2.86,1.89,7.49,2.44,1.06
HG03691,7.53,3.13,2.33,7.33,2.43,1.11
HG03692,7.64,3.1,2.27,7.49,2.48,1.15
HG03693,7.53,3.05,2.22,7.37,2.46,1.15
HG03694,7.71,3.18,2.39,7.54,2.51,1.18
HG03695,7.52,2.79,1.78,7.44,2.42,1.05
HG03696,7.55,2.94,2.03,7.42,2.47,1.18
HG03697,7.56,2.81,1.83,7.46,2.44,1.09
HG03698,7.59,3.09,2.27,7.42,2.48,1.21
HG03702,7.49,2.98,2.13,7.33,2.44,1.13
HG03703,7.78,3.1,2.23,7.64,2.56,1.28
HG03705,7.54,2.97,2.12,7.4,2.41,1.05
HG03706,7.59,2.99,2.08,7.45,2.46,1.09
HG03708,7.15,2.78,1.89,7.03,2.33,1.06
HG03709,7.77,3.43,2.71,7.55,2.57,1.28
HG03711,7.54,2.85,1.89,7.44,2.43,1.07
HG03713,7.72,3.42,2.53,7.59,2.93,1.68
HG03714,7.43,2.74,1.76,7.34,2.38,1.02
HG03716,7.72,3.09,2.21,7.55,2.49,1.12
HG03717,7.47,3.03,2.2,7.31,2.47,1.2
HG03718,7.61,2.71,1.6,7.57,2.43,1.0
HG03720,7.45,2.53,1.32,7.42,2.34,0.86
HG03722,7.5,2.88,1.95,7.4,2.45,1.14
HG03727,7.5,2.95,2.07,7.36,2.44,1.13
HG03729,7.6,3.09,2.25,7.45,2.49,1.18
HG03730,7.7,3.11,2.23,7.56,2.56,1.24
HG03731,7.65,2.89,1.92,7.53,2.44,1.05
HG03733,7.51,3.28,2.56,7.29,2.47,1.19
HG03736,7.75,2.96,2.01,7.62,2.49,1.09
HG03738,7.47,2.71,1.66,7.38,2.39,1.01
HG03740,7.52,2.63,1.5,7.46,2.39,0.97
HG03741,7.69,3.54,2.88,7.41,2.56,1.29
HG03742,7.49,2.95,2.08,7.35,2.43,1.12
HG03743,7.59,3.13,2.32,7.41,2.45,1.12
HG03744,7.68,3.25,2.46,7.48,2.55,1.27
HG03745,7.73,3.04,2.14,7.6,2.53,1.19
HG03746,7.56,2.94,2.04,7.43,2.46,1.14
HG03750,7.59,3.12,2.3,7.41,2.47,1.14
HG03752,7.51,2.73,1.69,7.44,2.41,1.02
HG03753,7.73,3.33,2.57,7.51,2.53,1.21
HG03754,7.79,3.56,2.88,7.52,2.59,1.3
HG03755,7.73,3.0,2.07,7.61,2.5,1.12
HG03756,7.58,3.03,2.17,7.43,2.46,1.11
HG03757,7.84,3.19,2.35,7.67,2.56,1.2
HG03760,7.54,2.91,2.0,7.4,2.42,1.08
HG03762,7.7,2.97,2.03,7.57,2.5,1.12
HG03765,7.65,3.11,2.29,7.49,2.49,1.18
HG03767,7.56,2.67,1.56,7.5,2.39,0.93
HG03770,7.49,2.77,1.78,7.44,2.4,1.02
HG03771,7.64,3.13,2.29,7.45,2.48,1.13
HG03772,7.53,2.76,1.75,7.46,2.4,1.0
HG03773,7.21,2.99,2.21,7.04,2.36,1.09
HG03774,7.58,3.06,2.22,7.42,2.45,1.11
HG03775,7.58,3.02,2.16,7.45,2.47,1.15
HG03777,7.62,3.11,2.28,7.46,2.49,1.19
HG03778,7.19,2.77,1.85,7.08,2.34,1.04
HG03779,7.54,2.88,1.95,7.42,2.41,1.03
HG03780,7.61,2.86,1.89,7.51,2.43,1.04
HG03781,7.67,3.08,2.23,7.52,2.5,1.19
HG03782,7.7,2.93,1.98,7.58,2.45,1.05
HG03784,7.6,3.09,2.26,7.43,2.46,1.12
HG03785,7.68,3.03,2.15,7.55,2.48,1.11
HG03786,7.54,3.04,2.2,7.38,2.45,1.14
HG03787,7.72,3.2,2.4,7.54,2.51,1.17
HG03788,7.52,2.89,1.96,7.4,2.42,1.08
HG03789,7.65,3.24,2.47,7.47,2.55,1.28
HG03790,7.47,2.68,1.62,7.41,2.38,0.99
HG03792,7.55,2.88,1.95,7.45,2.44,1.09
HG03793,7.8,3.17,2.35,7.63,2.54,1.21
HG03796,7.78,3.38,2.58,7.61,2.73,1.48
HG03800,7.6,2.96,2.05,7.46,2.43,1.06
HG03802,7.53,3.03,2.17,7.36,2.43,1.08
HG03803,7.66,2.72,1.62,7.6,2.45,1.03
HG03805,7.55,3.23,2.47,7.33,2.47,1.17
HG03808,7.57,2.85,1.89,7.48,2.44,1.09
HG03809,7.45,2.73,1.71,7.36,2.38,1.01
HG03812,7.62,2.95,2.04,7.51,2.48,1.13
HG03814,7.74,3.12,2.25,7.58,2.49,1.12
HG03815,7.34,2.81,1.88,7.23,2.38,1.06
HG03817,7.46,2.85,1.92,7.34,2.41,1.06
HG03821,7.72,3.34,2.58,7.49,2.56,1.27
HG03823,7.72,3.14,2.3,7.57,2.55,1.26
HG03824,7.71,3.12,2.28,7.57,2.52,1.18
HG03826,7.73,3.04,2.15,7.6,2.5,1.13
HG03829,7.77,3.08,2.18,7.59,2.5,1.14
HG03830,7.67,3.02,2.14,7.54,2.48,1.11
HG03832,7.75,3.14,2.29,7.61,2.56,1.24
HG03833,7.47,2.85,1.91,7.36,2.43,1.1
HG03836,7.45,2.7,1.66,7.38,2.39,1.02
HG03837,7.55,2.97,2.08,7.41,2.45,1.1
HG03838,7.49,2.77,1.76,7.4,2.42,1.07
HG03844,7.62,2.99,2.1,7.49,2.44,1.05
HG03846,7.61,3.11,2.28,7.46,2.5,1.18
HG03848,7.54,2.73,1.66,7.48,2.41,1.01
HG03849,7.66,3.2,2.42,7.46,2.49,1.15
HG03850,7.54,2.89,1.94,7.4,2.44,1.08
HG03851,7.47,2.79,1.78,7.38,2.44,1.08
HG03854,7.42,2.77,1.79,7.34,2.41,1.09
HG03856,7.75,2.91,1.9,7.64,2.5,1.1
HG03857,7.52,2.67,1.55,7.46,2.4,0.96
HG03858,7.77,3.39,2.65,7.56,2.62,1.36
HG03861,7.67,3.14,2.31,7.48,2.49,1.15
HG03862,7.53,2.7,1.64,7.47,2.4,0.98
HG03863,7.6,2.87,1.91,7.51,2.44,1.05
HG03864,7.43,2.83,1.89,7.32,2.37,1.0
HG03866,7.53,2.78,1.8,7.44,2.4,1.02
HG03867,7.67,3.07,2.23,7.52,2.47,1.13
HG03868,7.34,2.57,1.46,7.3,2.33,0.93
HG03869,7.42,2.71,1.63,7.35,2.47,1.12
HG03870,7.82,3.2,2.36,7.66,2.57,1.22
HG03871,7.54,3.01,2.13,7.37,2.42,1.05
HG03872,7.58,2.93,2.03,7.45,2.42,1.04
HG03873,7.66,3.11,2.29,7.5,2.46,1.12
HG03874,7.49,2.95,2.07,7.34,2.41,1.05
HG03875,7.23,2.83,1.93,7.09,2.36,1.08
HG03882,7.71,3.12,2.29,7.55,2.51,1.17
HG03884,7.69,3.02,2.06,7.63,2.76,1.58
HG03885,7.58,2.78,1.76,7.51,2.44,1.04
HG03886,7.86,3.44,2.73,7.64,2.62,1.36
HG03887,7.46,2.54,1.32,7.43,2.37,0.91
HG03888,7.67,3.2,2.42,7.49,2.49,1.16
HG03890,7.5,3.05,2.21,7.33,2.45,1.15
HG03894,7.64,3.14,2.31,7.46,2.5,1.18
HG03895,7.73,3.22,2.42,7.56,2.54,1.21
HG03896,7.74,3.26,2.47,7.55,2.52,1.18
HG03897,7.45,3.29,2.57,7.23,2.49,1.25
HG03898,7.31,2.95,2.06,7.2,2.51,1.25
HG03899,7.6,3.17,2.38,7.41,2.5,1.21
HG03900,7.68,3.1,2.26,7.54,2.51,1.2
HG03902,7.07,2.76,1.88,6.94,2.32,1.06
HG03905,7.61,2.81,1.79,7.52,2.44,1.05
HG03907,7.67,3.31,2.55,7.44,2.52,1.21
HG03908,7.18,2.7,1.75,7.1,2.36,1.04
HG03910,7.65,3.24,2.48,7.46,2.54,1.27
HG03911,7.55,2.95,2.06,7.42,2.43,1.09
HG03913,7.65,3.18,2.39,7.46,2.52,1.22
HG03914,7.62,2.8,1.79,7.53,2.42,1.0
HG03916,7.6,3.07,2.25,7.45,2.47,1.16
HG03917,7.18,2.36,1.0,7.16,2.29,0.84
HG03919,7.44,3.28,2.58,7.2,2.46,1.19
HG03920,7.76,3.06,2.17,7.63,2.52,1.17
HG03922,7.52,3.44,2.77,7.26,2.54,1.33
HG03925,7.49,3.32,2.62,7.25,2.5,1.28
HG03926,7.65,2.89,1.92,7.56,2.48,1.12
HG03928,7.64,2.87,1.88,7.56,2.48,1.11
HG03931,7.7,3.18,2.37,7.52,2.5,1.16
HG03934,7.75,3.44,2.72,7.52,2.6,1.35
HG03937,7.75,2.96,1.99,7.63,2.49,1.09
HG03940,7.73,3.12,2.22,7.63,2.67,1.39
HG03941,7.54,2.84,1.81,7.46,2.51,1.16
HG03943,7.83,3.14,2.26,7.66,2.53,1.17
HG03944,7.63,3.06,2.2,7.49,2.52,1.24
HG03945,7.47,2.9,1.99,7.37,2.46,1.12
HG03947,7.63,3.28,2.53,7.41,2.5,1.21
HG03949,7.51,2.87,1.92,7.4,2.42,1.05
HG03950,7.56,2.82,1.83,7.47,2.44,1.11
HG03951,7.81,3.04,2.14,7.67,2.5,1.09
HG03953,7.86,2.95,1.92,7.75,2.59,1.27
HG03955,7.61,2.99,2.08,7.45,2.48,1.15
HG03960,7.59,2.68,1.57,7.54,2.4,0.96
HG03963,7.48,3.54,2.92,7.17,2.52,1.32
HG03965,7.45,3.03,2.19,7.26,2.43,1.15
HG03967,7.59,3.13,2.32,7.43,2.53,1.25
HG03968,7.42,3.03,2.21,7.28,2.46,1.18
HG03969,7.41,2.81,1.83,7.31,2.41,1.05
HG03971,7.58,2.78,1.75,7.5,2.43,1.03
HG03973,7.77,3.35,2.6,7.57,2.59,1.32
HG03974,7.66,3.03,2.15,7.52,2.48,1.13
HG03976,7.62,3.08,2.23,7.47,2.48,1.14
HG03977,7.74,3.05,2.16,7.59,2.49,1.11
HG03978,7.62,2.94,2.01,7.5,2.46,1.09
HG03985,7.61,3.14,2.31,7.43,2.5,1.2
HG03986,7.74,3.21,2.4,7.57,2.55,1.26
HG03989,7.42,2.93,2.05,7.3,2.42,1.08
HG03990,7.45,3.08,2.27,7.29,2.48,1.22
HG03991,7.5,3.4,2.69,7.25,2.57,1.38
HG03995,7.48,3.63,3.02,7.17,2.62,1.5
HG03998,7.49,2.8,1.81,7.41,2.42,1.05
HG03999,7.7,3.65,3.0,7.38,2.61,1.4
HG04001,7.64,3.81,3.23,7.27,2.65,1.49
HG04002,7.42,2.82,1.87,7.33,2.43,1.11
HG04003,7.39,3.33,2.64,7.15,2.52,1.33
HG04006,7.31,2.91,2.05,7.17,2.4,1.11
HG04014,7.3,2.63,1.56,7.25,2.35,0.98
HG04015,7.73,3.18,2.37,7.56,2.51,1.18
HG04017,7.38,2.98,2.14,7.22,2.41,1.11
HG04018,7.72,3.41,2.69,7.48,2.55,1.24
HG04019,7.62,3.4,2.7,7.37,2.54,1.29
HG04020,7.38,2.89,1.99,7.26,2.43,1.16
HG04022,7.45,2.87,1.94,7.33,2.41,1.07
HG04023,7.41,2.69,1.64,7.33,2.4,1.05
HG04025,7.54,3.28,2.53,7.31,2.51,1.24
HG04026,7.61,2.99,2.1,7.46,2.46,1.11
HG04029,7.56,3.07,2.24,7.42,2.48,1.16
HG04033,7.27,2.83,1.93,7.15,2.37,1.06
HG04035,7.76,2.97,2.02,7.64,2.52,1.16
HG04038,7.63,3.0,2.09,7.5,2.47,1.11
HG04039,7.4,2.9,2.03,7.28,2.39,1.05
HG04042,7.42,2.83,1.9,7.31,2.38,1.01
HG04047,7.48,3.0,2.13,7.34,2.44,1.09
HG04054,7.35,2.93,2.03,7.2,2.43,1.15
HG04056,7.65,2.89,1.92,7.54,2.46,1.08
HG04059,7.59,3.08,2.23,7.48,2.53,1.24
HG04060,7.19,3.1,2.37,6.96,2.39,1.19
HG04061,7.32,3.01,2.2,7.16,2.45,1.21
HG04062,7.66,3.31,2.55,7.44,2.53,1.25
HG04063,7.6,3.01,2.12,7.46,2.46,1.11
HG04070,7.58,2.92,1.97,7.46,2.44,1.05
HG04075,7.64,3.35,2.61,7.41,2.58,1.32
HG04076,7.64,3.3,2.52,7.42,2.52,1.22
HG04080,7.32,2.93,2.05,7.18,2.42,1.1
HG04090,7.49,3.18,2.41,7.32,2.54,1.32
HG04093,7.49,2.76,1.75,7.4,2.41,1.03
HG04094,7.77,3.17,2.32,7.6,2.57,1.25
HG04096,7.82,3.46,2.71,7.58,2.63,1.36
HG04098,7.64,3.19,2.4,7.45,2.53,1.26
HG04099,7.6,3.03,2.17,7.45,2.46,1.11
HG04100,7.0,2.69,1.76,6.89,2.29,1.02
HG04106,7.32,3.07,2.3,7.11,2.4,1.14
HG04107,7.58,2.84,1.83,7.51,2.46,1.07
HG04118,7.6,3.09,2.25,7.45,2.5,1.18
HG04131,7.45,3.02,2.18,7.3,2.47,1.18
HG04134,7.59,3.06,2.2,7.44,2.47,1.13
HG04140,7.67,3.6,2.95,7.36,2.6,1.38
HG04141,7.39,3.4,2.75,7.12,2.51,1.32
HG04144,7.67,3.41,2.69,7.46,2.66,1.52
HG04146,7.52,2.81,1.84,7.44,2.44,1.08
HG04152,7.37,3.0,2.17,7.22,2.44,1.17
HG04153,7.24,3.44,2.82,6.93,2.45,1.29
HG04155,7.46,2.88,1.95,7.35,2.46,1.19
HG04156,7.54,3.14,2.33,7.37,2.48,1.18
HG04158,7.74,3.42,2.69,7.5,2.61,1.33
HG04159,7.51,3.34,2.61,7.3,2.59,1.41
HG04161,7.56,2.98,2.08,7.43,2.53,1.23
HG04162,7.79,3.2,2.35,7.6,2.53,1.17
HG04164,7.28,3.03,2.24,7.08,2.38,1.11
HG04171,7.61,3.3,2.55,7.38,2.53,1.27
HG04173,7.7,3.43,2.73,7.46,2.62,1.4
HG04176,7.9,3.4,2.63,7.69,2.62,1.29
HG04177,7.61,3.23,2.45,7.42,2.52,1.24
HG04180,7.39,2.76,1.78,7.29,2.38,1.03
HG04182,7.71,3.2,2.38,7.53,2.56,1.27
HG04183,7.37,3.56,2.96,7.04,2.53,1.4
HG04185,7.97,3.65,2.93,7.68,2.65,1.34
HG04186,7.48,3.13,2.34,7.31,2.49,1.25
HG04188,7.5,2.85,1.88,7.39,2.43,1.07
HG04189,7.45,2.97,2.09,7.28,2.4,1.04
HG04194,7.63,3.12,2.29,7.48,2.53,1.24
HG04195,7.65,3.13,2.3,7.5,2.52,1.2
HG04198,7.29,3.13,2.31,7.15,2.66,1.5
HG04200,7.41,2.91,2.02,7.3,2.42,1.09
HG04202,7.68,2.99,2.05,7.58,2.56,1.2
HG04206,7.51,3.28,2.54,7.28,2.49,1.23
HG04209,7.65,3.01,2.1,7.5,2.5,1.15
HG04210,7.42,2.97,2.11,7.28,2.45,1.16
HG04211,7.67,3.05,2.17,7.54,2.49,1.12
HG04212,7.31,3.06,2.25,7.13,2.41,1.15
HG04214,7.42,3.11,2.31,7.24,2.46,1.17
HG04216,7.84,4.03,3.47,7.44,2.71,1.53
HG04219,7.71,3.4,2.66,7.49,2.57,1.29
HG04222,7.59,3.81,3.22,7.22,2.68,1.58
HG04225,7.31,3.11,2.35,7.12,2.45,1.24
HG04227,7.67,3.23,2.42,7.5,2.6,1.34
HG04229,7.88,3.26,2.42,7.71,2.63,1.34
HG04235,7.63,3.33,2.59,7.4,2.54,1.27
HG04238,7.86,3.66,3.01,7.59,2.64,1.37
HG04239,7.72,3.04,2.14,7.58,2.53,1.2
NA06984,7.41,2.62,1.52,7.35,2.38,1.0
NA06985,7.37,2.75,1.69,7.33,2.53,1.24
NA06986,7.74,3.38,2.66,7.53,2.6,1.36
NA06989,7.89,3.39,2.62,7.7,2.67,1.4
NA06994,7.67,2.91,1.95,7.57,2.5,1.14
NA07000,7.31,2.79,1.86,7.22,2.43,1.16
NA07037,7.59,3.16,2.35,7.42,2.54,1.29
NA07048,7.54,2.9,1.98,7.43,2.48,1.21
NA07051,7.58,2.9,1.93,7.5,2.51,1.18
NA07056,7.57,2.74,1.7,7.49,2.42,1.03
NA07347,7.48,2.7,1.61,7.4,2.43,1.05
NA07357,7.55,2.6,1.4,7.51,2.38,0.91
NA10847,7.85,3.58,2.88,7.57,2.64,1.39
NA10851,7.53,2.79,1.79,7.44,2.43,1.08
NA11829,7.33,2.99,2.19,7.19,2.44,1.22
NA11830,7.37,2.64,1.56,7.31,2.37,0.99
NA11831,7.41,2.84,1.92,7.31,2.44,1.14
NA11832,7.68,3.15,2.32,7.53,2.55,1.28
NA11840,7.83,3.65,3.0,7.54,2.66,1.46
NA11843,7.71,3.03,2.12,7.62,2.64,1.42
NA11881,7.64,3.29,2.54,7.42,2.52,1.26
NA11892,7.54,2.73,1.69,7.48,2.44,1.1
NA11893,7.71,3.32,2.58,7.52,2.58,1.34
NA11894,7.62,3.07,2.19,7.47,2.52,1.21
NA11918,7.67,2.91,1.93,7.58,2.51,1.19
NA11919,7.44,2.51,1.28,7.43,2.37,0.93
NA11920,7.66,3.12,2.29,7.52,2.53,1.24
NA11930,7.73,3.01,2.09,7.59,2.52,1.18
NA11931,7.36,2.51,1.24,7.32,2.37,0.95
NA11932,7.62,3.14,2.34,7.46,2.55,1.32
NA11933,7.58,2.85,1.77,7.53,2.65,1.35
NA11992,7.87,3.44,2.69,7.67,2.71,1.51
NA11994,7.65,3.34,2.6,7.45,2.62,1.45
NA11995,7.71,2.99,2.08,7.6,2.49,1.12
NA12003,7.57,3.35,2.63,7.33,2.55,1.33
NA12004,7.53,3.05,2.23,7.37,2.43,1.1
NA12005,7.78,3.24,2.42,7.61,2.62,1.39
NA12006,8.04,4.11,3.52,7.63,2.82,1.65
NA12043,7.23,2.71,1.75,7.14,2.36,1.05
NA12044,7.27,2.33,0.93,7.25,2.27,0.79
NA12045,7.39,2.57,1.43,7.36,2.37,0.99
NA12046,7.55,2.75,1.7,7.51,2.53,1.27
NA12058,7.39,2.53,1.25,7.38,2.45,1.05
NA12144,7.58,2.79,1.76,7.45,2.4,0.99
NA12154,7.59,3.04,2.19,7.45,2.53,1.3
NA12155,7.51,2.88,1.97,7.38,2.4,1.05
NA12156,7.3,2.72,1.64,7.25,2.49,1.16
NA12234,7.81,3.48,2.75,7.57,2.63,1.38
NA12249,7.52,3.24,2.48,7.31,2.51,1.24
NA12272,7.52,2.94,2.06,7.4,2.44,1.12
NA12273,7.8,3.59,2.91,7.54,2.64,1.42
NA12275,7.73,2.88,1.9,7.63,2.47,1.06
NA12282,7.63,3.4,2.69,7.41,2.63,1.48
NA12283,7.41,3.56,2.96,7.11,2.55,1.44
NA12286,7.72,3.36,2.62,7.51,2.58,1.32
NA12287,7.57,3.16,2.36,7.4,2.5,1.2
NA12340,7.44,2.58,1.4,7.4,2.42,1.05
NA12341,7.41,2.79,1.78,7.35,2.55,1.32
NA12342,7.38,3.26,2.55,7.2,2.64,1.6
NA12347,7.57,3.23,2.47,7.38,2.51,1.24
NA12348,7.59,2.86,1.89,7.5,2.48,1.16
NA12383,7.45,2.7,1.65,7.37,2.37,0.97
NA12399,7.62,3.83,3.26,7.24,2.68,1.58
NA12400,7.43,3.4,2.76,7.18,2.56,1.44
NA12413,7.7,2.77,1.69,7.62,2.48,1.08
NA12414,7.51,2.58,1.41,7.48,2.38,0.97
NA12489,7.52,2.74,1.63,7.46,2.5,1.17
NA12546,7.68,3.05,2.16,7.55,2.49,1.12
NA12716,7.33,2.51,1.32,7.31,2.35,0.96
NA12717,7.41,2.46,1.17,7.36,2.35,0.92
NA12718,7.58,2.99,2.09,7.48,2.54,1.27
NA12748,7.51,2.95,2.07,7.41,2.53,1.31
NA12749,8.06,3.84,3.19,7.78,2.81,1.62
NA12750,7.63,3.4,2.68,7.38,2.55,1.31
NA12751,7.2,2.63,1.62,7.14,2.36,1.05
NA12760,7.52,3.05,2.2,7.36,2.5,1.21
NA12761,7.52,2.98,2.11,7.38,2.47,1.17
NA12762,7.76,3.67,3.03,7.44,2.64,1.42
NA12763,7.46,2.71,1.68,7.41,2.49,1.24
NA12775,7.67,3.25,2.47,7.51,2.64,1.42
NA12776,7.62,3.21,2.42,7.45,2.58,1.34
NA12777,8.14,4.3,3.74,7.71,3.02,1.99
NA12778,7.77,3.06,2.19,7.63,2.5,1.14
NA12812,7.4,2.99,2.15,7.25,2.43,1.15
NA12813,6.82,3.18,2.56,6.56,2.4,1.34
NA12814,8.13,4.37,3.84,7.68,2.98,1.9
NA12815,7.4,2.78,1.84,7.3,2.42,1.14
NA12827,6.82,2.77,1.92,6.68,2.27,1.03
NA12828,7.75,3.3,2.52,7.56,2.6,1.34
NA12829,6.95,3.37,2.8,6.64,2.42,1.41
NA12830,7.6,2.63,1.46,7.52,2.4,0.97
NA12842,7.61,2.95,2.01,7.47,2.47,1.12
NA12843,7.74,3.07,2.17,7.58,2.5,1.11
NA12872,7.55,3.87,3.32,7.17,2.7,1.64
NA12873,7.42,3.29,2.57,7.2,2.51,1.29
NA12874,7.56,3.2,2.42,7.39,2.56,1.36
NA12878,7.45,2.53,1.31,7.4,2.37,0.97
NA12889,7.59,3.76,3.16,7.24,2.68,1.55
NA12890,7.57,2.71,1.62,7.51,2.46,1.12
NA18486,7.56,2.8,1.79,7.48,2.49,1.16
NA18488,7.62,2.9,1.96,7.53,2.47,1.14
NA18489,6.62,2.95,2.31,6.4,2.29,1.24
NA18498,7.6,2.76,1.74,7.53,2.42,1.02
NA18499,7.63,3.18,2.4,7.47,2.6,1.42
NA18501,7.89,3.23,2.4,7.72,2.59,1.24
NA18502,7.78,3.02,2.1,7.67,2.57,1.25
NA18504,7.74,3.17,2.35,7.58,2.52,1.2
NA18505,7.59,3.34,2.61,7.38,2.59,1.36
NA18507,7.77,3.5,2.79,7.52,2.6,1.35
NA18508,7.29,3.65,3.08,6.93,2.54,1.45
NA18510,7.63,2.82,1.83,7.53,2.44,1.07
NA18511,7.26,3.06,2.3,7.09,2.45,1.26
NA18516,7.67,3.22,2.4,7.5,2.59,1.33
NA18517,7.86,3.65,2.99,7.54,2.6,1.33
NA18519,7.73,2.87,1.87,7.69,2.56,1.28
NA18520,7.61,2.91,1.75,7.58,2.76,1.46
NA18522,7.59,2.76,1.7,7.54,2.49,1.15
NA18523,7.36,2.47,1.22,7.33,2.33,0.91
NA18525,7.83,3.61,2.93,7.55,2.62,1.34
NA18526,7.76,3.68,3.03,7.47,2.68,1.52
NA18528,7.7,2.97,2.04,7.58,2.48,1.1
NA18530,7.5,2.77,1.72,7.4,2.41,1.0
NA18531,7.92,3.58,2.88,7.65,2.61,1.29
NA18532,7.61,2.78,1.75,7.54,2.42,1.01
NA18533,7.62,2.87,1.91,7.53,2.43,1.05
NA18534,7.64,2.8,1.79,7.56,2.43,1.01
NA18535,7.8,3.27,2.48,7.62,2.56,1.25
NA18536,7.62,2.78,1.75,7.55,2.43,1.0
NA18537,7.78,3.47,2.75,7.55,2.6,1.35
NA18538,7.14,2.84,1.95,7.02,2.42,1.17
NA18539,7.32,2.83,1.88,7.2,2.36,0.99
NA18541,7.33,2.73,1.69,7.25,2.37,0.96
NA18542,7.63,3.04,2.18,7.48,2.44,1.06
NA18543,7.65,3.2,2.42,7.48,2.53,1.25
NA18544,7.71,3.21,2.42,7.54,2.56,1.29
NA18545,7.54,3.09,2.27,7.37,2.52,1.26
NA18546,7.67,3.05,2.17,7.54,2.53,1.21
NA18547,7.45,3.47,2.83,7.15,2.53,1.38
NA18548,7.57,2.95,2.04,7.43,2.44,1.09
NA18549,7.55,2.76,1.72,7.46,2.41,1.02
NA18550,7.8,3.33,2.57,7.6,2.59,1.32
NA18552,7.68,3.1,2.25,7.53,2.51,1.17
NA18553,7.47,2.75,1.68,7.39,2.44,1.06
NA18555,7.64,3.22,2.44,7.45,2.56,1.32
NA18557,7.6,2.92,1.97,7.51,2.52,1.21
NA18558,7.62,2.88,1.9,7.53,2.47,1.08
NA18559,7.42,2.95,2.09,7.27,2.42,1.12
NA18560,7.68,3.09,2.25,7.53,2.5,1.17
NA18561,7.49,2.46,1.14,7.48,2.36,0.89
NA18562,7.58,3.42,2.73,7.32,2.54,1.31
NA18563,7.4,2.7,1.66,7.32,2.38,1.01
NA18564,7.43,2.65,1.57,7.38,2.46,1.19
NA18565,6.83,3.1,2.43,6.58,2.3,1.14
NA18566,7.63,3.05,2.19,7.51,2.53,1.23
NA18567,7.39,2.69,1.62,7.32,2.4,1.01
NA18570,7.58,2.75,1.7,7.51,2.44,1.05
NA18571,7.52,2.98,2.12,7.37,2.41,1.06
NA18572,7.16,3.53,2.95,6.81,2.48,1.4
NA18573,7.59,2.91,1.96,7.47,2.5,1.17
NA18574,7.7,3.35,2.61,7.48,2.58,1.33
NA18577,7.57,2.9,1.96,7.45,2.45,1.11
NA18579,7.77,3.48,2.78,7.51,2.55,1.25
NA18582,7.5,2.87,1.89,7.4,2.49,1.15
NA18591,7.08,2.92,2.14,6.9,2.33,1.06
NA18592,7.37,2.7,1.65,7.31,2.43,1.09
NA18593,7.41,2.61,1.53,7.35,2.33,0.9
NA18595,7.63,3.03,2.14,7.5,2.48,1.11
NA18596,7.5,2.55,1.33,7.47,2.37,0.89
NA18597,7.73,3.1,2.24,7.6,2.54,1.24
NA18599,7.51,3.17,2.39,7.34,2.54,1.33
NA18602,7.53,2.47,1.14,7.52,2.36,0.86
NA18603,7.44,2.9,1.97,7.34,2.47,1.14
NA18605,7.46,2.66,1.56,7.4,2.4,1.0
NA18606,7.16,2.9,2.08,7.02,2.4,1.2
NA18608,7.61,3.06,2.18,7.48,2.51,1.19
NA18609,7.66,3.48,2.78,7.41,2.58,1.32
NA18610,7.72,3.09,2.21,7.58,2.54,1.21
NA18611,7.41,2.74,1.73,7.32,2.36,0.97
NA18612,6.8,2.55,1.58,6.7,2.2,0.9
NA18613,7.6,3.07,2.24,7.45,2.48,1.18
NA18614,7.68,3.0,2.09,7.58,2.54,1.23
NA18615,7.67,3.29,2.52,7.48,2.65,1.45
NA18616,7.62,3.03,2.16,7.49,2.5,1.19
NA18617,7.59,2.98,2.06,7.48,2.48,1.13
NA18618,7.41,2.82,1.87,7.3,2.41,1.06
NA18619,7.51,2.78,1.74,7.43,2.41,0.99
NA18620,7.41,2.83,1.91,7.29,2.41,1.09
NA18621,7.68,3.04,2.15,7.54,2.5,1.15
NA18622,7.37,2.55,1.38,7.31,2.35,0.93
NA18623,7.61,3.08,2.24,7.45,2.48,1.15
NA18624,7.63,3.04,2.17,7.5,2.49,1.16
NA18625,7.47,2.77,1.75,7.36,2.4,0.99
NA18626,7.4,2.99,2.16,7.27,2.45,1.19
NA18627,7.7,3.15,2.31,7.55,2.55,1.25
NA18628,7.8,3.45,2.73,7.57,2.62,1.37
NA18629,7.16,2.94,2.15,7.01,2.37,1.15
NA18630,6.97,2.92,2.14,6.81,2.35,1.16
NA18631,7.54,2.84,1.87,7.44,2.43,1.08
NA18632,7.43,2.49,1.2,7.4,2.36,0.91
NA18633,7.02,2.47,1.38,6.97,2.25,0.93
NA18634,7.75,3.15,2.3,7.6,2.55,1.25
NA18635,7.56,3.16,2.37,7.38,2.52,1.26
NA18636,7.31,2.66,1.62,7.24,2.34,1.0
NA18637,7.57,3.06,2.22,7.43,2.48,1.16
NA18638,6.55,2.7,1.95,6.39,2.19,1.07
NA18639,7.69,3.1,2.25,7.52,2.47,1.1
NA18640,7.51,2.89,1.98,7.4,2.45,1.13
NA18641,7.7,3.32,2.57,7.49,2.57,1.31
NA18642,7.58,3.22,2.44,7.39,2.55,1.31
NA18643,7.41,2.91,2.04,7.28,2.42,1.13
NA18644,7.27,3.05,2.24,7.14,2.53,1.31
NA18645,7.7,3.26,2.46,7.54,2.66,1.47
NA18646,7.64,2.75,1.68,7.58,2.44,1.03
NA18647,7.57,3.03,2.17,7.43,2.49,1.2
NA18648,7.5,3.08,2.28,7.36,2.52,1.3
NA18740,7.54,2.95,2.04,7.42,2.47,1.17
NA18745,7.51,2.82,1.81,7.41,2.44,1.04
NA18747,7.45,2.6,1.49,7.39,2.35,0.93
NA18748,7.32,2.77,1.82,7.21,2.34,0.98
NA18749,7.76,3.18,2.35,7.59,2.52,1.17
NA18757,7.81,3.24,2.43,7.64,2.55,1.23
NA18853,7.65,3.23,2.44,7.45,2.53,1.23
NA18856,7.52,2.76,1.73,7.45,2.42,1.02
NA18858,7.54,3.11,2.28,7.37,2.52,1.24
NA18861,7.78,3.33,2.56,7.6,2.61,1.33
NA18864,7.72,2.92,1.9,7.66,2.62,1.26
NA18865,7.6,3.07,2.24,7.46,2.51,1.25
NA18867,7.58,3.01,2.12,7.46,2.52,1.23
NA18868,7.6,2.93,1.98,7.46,2.49,1.2
NA18870,7.46,2.82,1.85,7.35,2.4,1.06
NA18871,6.82,2.3,1.1,6.8,2.2,0.87
NA18873,7.47,2.65,1.57,7.43,2.39,0.98
NA18874,7.68,2.75,1.65,7.55,2.43,1.03
NA18876,7.56,2.76,1.72,7.52,2.53,1.25
NA18877,7.43,2.53,1.31,7.4,2.35,0.9
NA18878,7.34,2.69,1.65,7.27,2.38,1.01
NA18879,7.12,2.63,1.61,7.04,2.31,0.97
NA18881,6.86,3.37,2.8,6.56,2.47,1.47
NA18907,7.68,3.18,2.38,7.51,2.55,1.28
NA18908,7.65,3.12,2.27,7.5,2.57,1.3
NA18909,7.63,3.08,2.25,7.48,2.47,1.16
NA18910,7.48,2.77,1.79,7.41,2.43,1.11
NA18912,7.69,3.31,2.57,7.48,2.54,1.25
NA18915,7.4,3.23,2.48,7.17,2.45,1.19
NA18916,7.63,3.14,2.32,7.45,2.5,1.21
NA18917,7.63,3.16,2.35,7.47,2.53,1.23
NA18923,7.61,3.1,2.27,7.46,2.49,1.18
NA18924,7.46,2.66,1.57,7.4,2.4,1.01
NA18933,7.6,2.73,1.65,7.52,2.4,0.96
NA18934,7.58,2.72,1.66,7.51,2.41,1.01
NA18939,7.72,3.1,2.23,7.54,2.48,1.1
NA18940,7.66,3.27,2.51,7.44,2.5,1.18
NA18941,7.59,2.85,1.76,7.54,2.59,1.23
NA18942,7.73,3.43,2.73,7.48,2.58,1.32
NA18943,7.52,2.87,1.93,7.39,2.43,1.07
NA18944,7.62,2.85,1.82,7.55,2.51,1.14
NA18945,7.54,2.93,2.03,7.4,2.43,1.08
NA18946,7.83,3.22,2.31,7.74,2.76,1.47
NA18947,7.8,3.48,2.77,7.55,2.58,1.29
NA18948,7.65,2.95,2.0,7.54,2.52,1.2
NA18949,7.56,2.78,1.76,7.48,2.45,1.08
NA18950,7.57,2.88,1.94,7.46,2.45,1.11
NA18951,7.54,3.13,2.35,7.36,2.49,1.21
NA18952,7.39,2.58,1.43,7.33,2.36,0.97
NA18953,7.62,3.05,2.18,7.47,2.48,1.16
NA18954,7.68,3.35,2.58,7.5,2.67,1.44
NA18956,7.74,3.25,2.45,7.56,2.56,1.25
NA18957,7.56,2.73,1.69,7.47,2.38,0.93
NA18959,7.16,3.06,2.31,6.96,2.38,1.15
NA18960,7.51,2.83,1.88,7.39,2.39,1.0
NA18961,7.61,2.91,1.98,7.51,2.47,1.14
NA18962,7.48,2.97,2.07,7.35,2.5,1.2
NA18963,7.66,3.15,2.27,7.55,2.7,1.39
NA18964,7.57,2.86,1.91,7.48,2.45,1.08
NA18965,7.73,3.59,2.94,7.43,2.6,1.37
NA18966,7.78,3.72,3.1,7.45,2.62,1.38
NA18967,7.37,2.77,1.8,7.28,2.39,1.04
NA18968,7.78,3.84,3.24,7.41,2.62,1.38
NA18969,7.56,3.17,2.37,7.36,2.46,1.16
NA18970,7.61,3.87,3.31,7.22,2.68,1.59
NA18971,7.48,2.92,2.0,7.36,2.42,1.06
NA18972,7.45,3.29,2.58,7.25,2.61,1.49
NA18973,7.52,3.12,2.31,7.36,2.47,1.17
NA18974,7.17,2.91,2.07,7.0,2.33,1.02
NA18975,7.63,3.06,2.18,7.48,2.47,1.12
NA18976,7.68,3.15,2.33,7.53,2.54,1.23
NA18977,7.52,2.83,1.87,7.42,2.42,1.07
NA18978,7.69,3.22,2.39,7.55,2.66,1.35
NA18979,7.45,3.14,2.35,7.28,2.51,1.29
NA18980,7.46,2.67,1.53,7.39,2.43,1.04
NA18981,7.6,2.58,1.34,7.56,2.39,0.91
NA18982,7.58,2.57,1.35,7.52,2.38,0.9
NA18983,7.74,3.02,2.09,7.63,2.58,1.28
NA18984,7.37,2.43,1.09,7.36,2.36,0.92
NA18985,7.64,2.96,1.98,7.55,2.56,1.2
NA18986,7.2,2.64,1.63,7.11,2.3,0.94
NA18987,7.68,3.01,2.12,7.55,2.48,1.12
NA18988,7.54,2.64,1.52,7.5,2.41,1.03
NA18989,6.96,2.52,1.45,6.89,2.27,0.92
NA18990,7.47,2.85,1.92,7.36,2.47,1.19
NA18991,7.48,2.54,1.33,7.44,2.35,0.91
NA18992,7.74,3.02,2.11,7.64,2.6,1.39
NA18993,7.45,2.58,1.41,7.41,2.39,0.99
NA18994,7.25,2.73,1.79,7.14,2.34,1.02
NA18995,7.54,3.14,2.33,7.37,2.52,1.28
NA18997,7.58,2.93,1.98,7.47,2.49,1.13
NA18998,7.47,2.75,1.74,7.38,2.37,0.95
NA18999,7.43,2.9,2.02,7.3,2.41,1.09
NA19000,7.43,2.74,1.73,7.33,2.37,0.99
NA19001,7.5,2.71,1.65,7.43,2.44,1.09
NA19002,7.45,2.96,2.08,7.31,2.48,1.22
NA19003,7.85,3.11,2.23,7.74,2.67,1.39
NA19004,7.54,2.72,1.68,7.46,2.39,1.01
NA19005,7.6,2.94,2.01,7.49,2.51,1.18
NA19006,7.58,2.77,1.73,7.49,2.4,0.96
NA19007,7.71,3.06,2.19,7.57,2.54,1.24
NA19009,7.37,3.02,2.2,7.22,2.46,1.23
NA19010,7.46,2.8,1.82,7.37,2.46,1.14
NA19011,7.55,2.98,2.1,7.43,2.51,1.23
NA19012,7.29,2.65,1.6,7.21,2.35,1.01
NA19017,7.3,2.66,1.61,7.23,2.39,1.04
NA19019,7.43,2.81,1.82,7.33,2.46,1.14
NA19020,7.48,2.71,1.66,7.41,2.43,1.11
NA19023,7.54,2.89,1.96,7.43,2.48,1.15
NA19024,7.52,2.93,2.02,7.4,2.47,1.13
NA19025,7.47,2.72,1.66,7.38,2.41,1.04
NA19026,7.73,3.15,2.26,7.59,2.62,1.31
NA19027,7.38,2.89,2.0,7.26,2.4,1.09
NA19028,7.59,2.89,1.93,7.5,2.51,1.2
NA19030,7.64,3.01,2.09,7.49,2.47,1.07
NA19031,6.68,2.84,2.1,6.49,2.24,1.08
NA19035,7.4,3.02,2.2,7.24,2.44,1.17
NA19036,6.86,2.95,2.21,6.64,2.25,1.04
NA19037,7.3,2.97,2.15,7.14,2.4,1.13
NA19038,7.54,2.89,1.93,7.41,2.44,1.08
NA19041,7.9,3.29,2.48,7.73,2.63,1.34
NA19042,7.17,2.64,1.61,7.09,2.32,0.94
NA19043,7.4,3.06,2.26,7.25,2.51,1.31
NA19054,7.57,2.81,1.68,7.53,2.62,1.29
NA19055,7.17,2.87,2.03,7.02,2.34,1.1
NA19056,7.41,2.61,1.48,7.37,2.41,1.05
NA19057,7.78,3.42,2.69,7.56,2.59,1.33
NA19058,7.61,3.0,2.08,7.5,2.57,1.28
NA19059,7.5,2.9,1.97,7.39,2.45,1.1
NA19060,7.47,2.84,1.88,7.36,2.42,1.06
NA19062,7.75,3.06,2.16,7.65,2.63,1.37
NA19063,7.48,3.39,2.7,7.26,2.63,1.52
NA19064,7.61,3.23,2.47,7.41,2.54,1.29
NA19065,7.58,2.86,1.9,7.49,2.44,1.04
NA19066,7.67,2.98,2.07,7.57,2.52,1.21
NA19067,7.66,3.23,2.45,7.47,2.57,1.33
NA19068,7.66,3.08,2.19,7.51,2.57,1.28
NA19070,7.52,2.91,1.99,7.42,2.46,1.14
NA19072,7.47,2.94,2.04,7.35,2.49,1.21
NA19074,7.61,3.12,2.29,7.45,2.54,1.26
NA19075,7.43,2.66,1.62,7.37,2.39,1.04
NA19076,7.15,2.75,1.84,7.03,2.31,1.01
NA19077,7.51,2.85,1.91,7.4,2.44,1.14
NA19078,7.51,2.93,2.03,7.38,2.44,1.11
NA19079,6.89,2.95,2.23,6.69,2.27,1.08
NA19080,7.89,3.56,2.83,7.68,2.79,1.59
NA19081,7.5,2.53,1.29,7.46,2.34,0.84
NA19082,7.81,3.45,2.72,7.58,2.59,1.3
NA19083,7.69,2.98,2.03,7.59,2.54,1.18
NA19084,7.33,2.89,2.03,7.19,2.42,1.16
NA19085,7.76,3.03,2.13,7.64,2.55,1.25
NA19086,7.39,2.63,1.54,7.33,2.38,1.03
NA19087,7.48,2.67,1.59,7.39,2.37,0.95
NA19088,7.46,2.96,2.1,7.34,2.47,1.18
NA19089,7.58,3.1,2.26,7.43,2.52,1.24
NA19090,7.2,2.96,2.14,7.05,2.42,1.2
NA19091,7.37,2.78,1.84,7.27,2.4,1.11
NA19092,7.49,2.91,2.0,7.36,2.41,1.05
NA19093,7.62,3.46,2.79,7.35,2.53,1.28
NA19095,7.88,3.44,2.69,7.65,2.67,1.46
NA19096,7.49,2.9,1.98,7.38,2.45,1.15
NA19098,7.62,3.51,2.86,7.37,2.68,1.56
NA19099,7.47,3.34,2.65,7.23,2.5,1.29
NA19102,7.61,2.81,1.82,7.52,2.42,1.04
NA19107,7.47,2.69,1.62,7.4,2.37,0.96
NA19108,7.7,3.24,2.46,7.52,2.54,1.26
NA19113,7.86,3.67,3.0,7.58,2.73,1.57
NA19114,7.7,3.01,2.09,7.56,2.48,1.08
NA19116,7.83,3.75,3.13,7.51,2.64,1.4
NA19117,7.72,3.17,2.34,7.56,2.54,1.23
NA19118,7.36,2.89,2.0,7.23,2.43,1.15
NA19119,7.61,2.78,1.74,7.53,2.41,0.97
NA19121,7.66,2.81,1.77,7.53,2.43,1.02
NA19129,7.54,3.25,2.51,7.36,2.57,1.42
NA19130,7.62,3.09,2.24,7.46,2.48,1.16
NA19131,7.31,3.01,2.15,7.17,2.48,1.21
NA19137,7.64,3.01,2.13,7.49,2.45,1.09
NA19138,7.39,2.41,1.04,7.38,2.33,0.84
NA19141,7.77,3.01,2.09,7.67,2.6,1.36
NA19143,8.04,3.92,3.31,7.69,2.71,1.46
NA19144,7.48,2.7,1.63,7.4,2.38,0.96
NA19146,7.76,3.4,2.66,7.53,2.58,1.31
NA19147,7.67,3.17,2.33,7.52,2.58,1.3
NA19149,7.58,2.84,1.87,7.49,2.43,1.05
NA19152,7.5,2.93,2.03,7.38,2.43,1.08
NA19153,7.45,2.83,1.88,7.34,2.41,1.07
NA19159,7.54,3.04,2.2,7.41,2.5,1.24
NA19160,7.5,2.53,1.3,7.46,2.36,0.9
NA19171,7.68,2.91,1.95,7.57,2.45,1.05
NA19172,7.8,3.32,2.55,7.62,2.63,1.4
NA19175,7.61,3.52,2.82,7.33,2.61,1.39
NA19184,7.58,2.7,1.63,7.51,2.4,0.99
NA19185,7.35,2.9,2.03,7.22,2.41,1.12
NA19189,7.71,2.91,1.95,7.59,2.47,1.12
NA19190,7.27,2.89,2.05,7.14,2.4,1.16
NA19197,7.51,2.82,1.86,7.43,2.45,1.14
NA19198,7.5,3.15,2.36,7.31,2.5,1.24
NA19200,7.51,2.62,1.51,7.45,2.36,0.94
NA19201,7.61,2.8,1.78,7.51,2.41,0.97
NA19204,7.62,3.18,2.38,7.45,2.54,1.26
NA19206,7.94,3.93,3.32,7.55,2.69,1.45
NA19207,7.69,3.54,2.86,7.42,2.61,1.37
NA19209,7.22,2.63,1.62,7.15,2.34,1.05
NA19210,7.55,3.06,2.22,7.41,2.5,1.2
NA19213,7.62,2.87,1.91,7.53,2.47,1.14
NA19214,7.34,3.39,2.74,7.11,2.6,1.51
NA19222,7.7,3.36,2.62,7.46,2.51,1.2
NA19223,7.63,3.38,2.67,7.41,2.55,1.3
NA19225,7.64,2.92,1.96,7.52,2.45,1.06
NA19235,7.69,3.09,2.21,7.55,2.51,1.13
NA19236,7.47,2.77,1.78,7.39,2.4,1.05
NA19238,7.31,3.07,2.3,7.15,2.48,1.27
NA19239,7.69,3.08,2.22,7.54,2.52,1.23
NA19247,7.7,3.01,2.11,7.58,2.5,1.14
NA19248,7.46,2.9,2.0,7.35,2.48,1.22
NA19256,7.69,2.85,1.83,7.6,2.47,1.09
NA19257,7.68,3.51,2.83,7.43,2.64,1.45
NA19307,7.59,3.13,2.32,7.42,2.53,1.28
NA19308,7.39,3.54,2.91,7.08,2.57,1.43
NA19309,7.68,2.98,2.06,7.56,2.51,1.18
NA19310,7.6,2.89,1.93,7.53,2.5,1.17
NA19312,7.49,2.86,1.93,7.41,2.5,1.24
NA19314,7.46,3.26,2.52,7.28,2.61,1.46
NA19315,7.48,2.98,2.1,7.34,2.47,1.2
NA19316,7.66,3.53,2.84,7.39,2.6,1.38
NA19317,7.38,2.57,1.42,7.34,2.37,0.95
NA19318,7.38,2.76,1.82,7.29,2.37,1.04
NA19319,7.58,3.24,2.48,7.38,2.56,1.34
NA19320,7.57,2.85,1.91,7.48,2.46,1.13
NA19321,7.65,3.13,2.32,7.49,2.52,1.24
NA19323,7.59,2.96,2.06,7.46,2.46,1.13
NA19324,7.58,2.85,1.89,7.49,2.44,1.06
NA19327,7.24,2.77,1.82,7.13,2.35,1.02
NA19328,7.15,2.93,2.13,7.0,2.39,1.17
NA19331,7.58,3.12,2.32,7.45,2.62,1.47
NA19332,7.39,2.53,1.33,7.35,2.37,0.98
NA19334,7.55,2.9,1.98,7.44,2.46,1.13
NA19338,7.58,2.84,1.86,7.49,2.44,1.09
NA19346,7.77,3.17,2.3,7.59,2.57,1.24
NA19347,7.57,3.08,2.22,7.4,2.47,1.16
NA19350,7.49,2.52,1.25,7.48,2.37,0.88
NA19351,7.62,3.14,2.3,7.45,2.55,1.22
NA19355,7.54,2.9,1.96,7.44,2.49,1.18
NA19360,7.67,3.05,2.18,7.54,2.5,1.19
NA19372,8.08,4.24,3.69,7.68,3.04,2.02
NA19374,6.57,3.19,2.6,6.25,2.29,1.26
NA19375,7.45,2.64,1.54,7.37,2.37,0.98
NA19376,7.57,3.03,2.13,7.45,2.52,1.21
NA19377,7.66,3.21,2.4,7.51,2.65,1.44
NA19378,7.79,3.17,2.27,7.68,2.72,1.43
NA19379,7.7,3.47,2.77,7.46,2.6,1.36
NA19380,7.59,2.82,1.81,7.49,2.43,1.03
NA19383,7.66,3.25,2.48,7.47,2.61,1.4
NA19384,7.53,2.76,1.76,7.45,2.41,1.04
NA19385,7.62,3.0,2.1,7.49,2.44,1.06
NA19390,7.58,2.73,1.66,7.53,2.49,1.19
NA19391,7.72,3.28,2.49,7.54,2.6,1.34
NA19393,7.51,2.95,2.07,7.39,2.47,1.2
NA19394,7.55,2.9,1.98,7.44,2.45,1.12
NA19395,7.6,3.32,2.59,7.39,2.58,1.41
NA19397,7.48,2.75,1.74,7.39,2.41,1.07
NA19399,7.55,2.72,1.67,7.48,2.4,1.0
NA19401,7.59,3.04,2.18,7.45,2.51,1.22
NA19403,7.51,2.94,2.04,7.37,2.44,1.13
NA19404,7.66,3.15,2.34,7.5,2.48,1.16
NA19428,7.64,3.17,2.36,7.46,2.49,1.16
NA19429,7.58,3.05,2.21,7.44,2.47,1.19
NA19430,7.52,2.78,1.77,7.43,2.44,1.1
NA19431,7.53,2.94,2.04,7.41,2.44,1.08
NA19434,7.45,2.75,1.73,7.39,2.46,1.17
NA19435,7.53,2.86,1.91,7.43,2.43,1.09
NA19436,7.49,2.68,1.62,7.43,2.39,1.0
NA19437,7.59,2.92,1.99,7.48,2.44,1.07
NA19438,7.37,2.58,1.46,7.31,2.37,0.98
NA19439,7.53,2.91,1.97,7.41,2.46,1.12
NA19440,7.5,2.74,1.74,7.44,2.42,1.08
NA19443,7.45,2.64,1.55,7.4,2.37,0.97
NA19445,7.72,3.16,2.26,7.59,2.67,1.38
NA19446,7.71,3.44,2.73,7.43,2.53,1.24
NA19448,7.67,3.19,2.38,7.49,2.53,1.24
NA19449,7.72,3.33,2.58,7.52,2.6,1.38
NA19451,7.45,2.79,1.83,7.34,2.36,0.98
NA19452,7.54,2.97,2.09,7.41,2.45,1.11
NA19454,7.49,2.85,1.91,7.37,2.4,1.04
NA19455,7.55,2.84,1.87,7.47,2.44,1.06
NA19456,7.66,3.15,2.33,7.5,2.53,1.23
NA19457,7.5,2.77,1.76,7.43,2.42,1.05
NA19461,7.65,3.31,2.57,7.45,2.57,1.36
NA19462,7.75,3.62,2.95,7.45,2.63,1.41
NA19463,7.75,3.46,2.75,7.52,2.61,1.39
NA19466,7.58,3.14,2.31,7.4,2.5,1.21
NA19467,7.66,3.21,2.41,7.47,2.52,1.24
NA19468,7.43,2.62,1.52,7.39,2.36,0.94
NA19471,7.59,2.94,2.06,7.47,2.47,1.16
NA19472,8.05,3.72,3.05,7.76,2.73,1.51
NA19473,7.99,3.92,3.29,7.68,2.88,1.76
NA19474,7.57,2.93,2.02,7.45,2.44,1.11
NA19475,7.65,3.05,2.18,7.51,2.49,1.16
NA19625,7.64,3.16,2.35,7.5,2.62,1.46
NA19648,7.58,2.99,2.1,7.44,2.45,1.11
NA19649,7.73,2.92,1.97,7.6,2.47,1.06
NA19651,7.71,3.06,2.19,7.57,2.49,1.13
NA19652,7.73,3.3,2.54,7.54,2.63,1.44
NA19654,7.52,2.63,1.51,7.46,2.36,0.91
NA19655,7.87,3.87,3.26,7.56,2.85,1.78
NA19657,7.76,3.09,2.23,7.61,2.51,1.16
NA19658,7.46,2.64,1.56,7.4,2.36,0.95
NA19661,7.77,3.38,2.63,7.55,2.58,1.28
NA19663,7.67,2.89,1.92,7.55,2.43,1.03
NA19664,7.68,2.9,1.95,7.58,2.46,1.07
NA19669,7.67,3.01,2.09,7.5,2.47,1.13
NA19670,7.56,3.03,2.18,7.42,2.47,1.16
NA19676,7.64,2.83,1.83,7.57,2.49,1.14
NA19678,6.89,2.59,1.63,6.79,2.24,0.94
NA19679,7.46,2.75,1.74,7.39,2.39,0.99
NA19681,7.57,2.68,1.57,7.51,2.37,0.88
NA19682,7.57,2.97,2.08,7.44,2.43,1.07
NA19684,7.53,2.79,1.78,7.45,2.42,1.02
NA19700,7.52,2.72,1.66,7.44,2.42,1.03
NA19701,7.56,2.93,2.02,7.43,2.45,1.1
NA19703,7.44,2.72,1.69,7.38,2.42,1.09
NA19704,7.6,2.88,1.91,7.51,2.47,1.12
NA19707,7.73,3.17,2.34,7.58,2.55,1.25
NA19711,7.49,2.64,1.47,7.46,2.43,1.01
NA19712,7.6,2.85,1.89,7.52,2.45,1.11
NA19713,7.55,2.83,1.83,7.45,2.41,0.99
NA19716,7.63,2.91,1.97,7.52,2.44,1.07
NA19717,7.43,2.63,1.53,7.34,2.33,0.9
NA19719,7.39,2.64,1.56,7.33,2.35,0.93
NA19720,7.69,3.61,2.96,7.41,2.65,1.47
NA19722,7.83,3.46,2.73,7.59,2.6,1.32
NA19723,7.89,3.75,3.1,7.59,2.69,1.47
NA19725,7.67,3.0,2.08,7.56,2.54,1.22
NA19726,7.78,3.48,2.77,7.54,2.64,1.43
NA19728,7.73,3.39,2.67,7.5,2.55,1.27
NA19729,7.68,3.05,2.19,7.54,2.53,1.25
NA19731,7.71,3.17,2.36,7.54,2.55,1.27
NA19732,7.57,2.82,1.85,7.47,2.42,1.04
NA19734,7.7,2.98,2.06,7.58,2.48,1.12
NA19735,7.59,2.89,1.94,7.49,2.46,1.08
NA19740,7.57,2.8,1.8,7.48,2.41,1.0
NA19741,7.63,2.82,1.81,7.53,2.44,1.05
NA19746,7.78,3.57,2.89,7.51,2.6,1.35
NA19747,8.25,4.36,3.8,7.87,3.17,2.15
NA19749,7.66,2.81,1.79,7.56,2.44,1.03
NA19750,7.52,2.79,1.8,7.43,2.41,1.03
NA19752,7.63,2.97,2.08,7.51,2.47,1.13
NA19755,7.71,3.11,2.28,7.58,2.57,1.31
NA19756,7.64,3.0,2.12,7.52,2.48,1.14
NA19758,7.41,2.62,1.51,7.35,2.34,0.91
NA19759,7.69,3.13,2.3,7.53,2.51,1.18
NA19761,7.65,2.86,1.89,7.55,2.45,1.07
NA19762,7.49,3.71,3.14,7.14,2.61,1.51
NA19764,7.62,2.86,1.9,7.53,2.44,1.07
NA19770,7.61,2.9,1.98,7.49,2.43,1.07
NA19771,7.66,2.97,2.07,7.54,2.48,1.13
NA19773,7.65,3.1,2.24,7.51,2.53,1.22
NA19774,7.61,2.83,1.85,7.51,2.42,1.03
NA19776,7.54,2.72,1.69,7.46,2.4,1.0
NA19777,7.9,3.75,3.1,7.58,2.7,1.5
NA19779,7.6,2.8,1.8,7.51,2.42,1.0
NA19780,7.78,3.37,2.61,7.58,2.62,1.38
NA19782,7.6,2.72,1.6,7.48,2.41,0.97
NA19783,7.85,3.45,2.72,7.62,2.62,1.37
NA19785,7.97,3.77,3.1,7.64,2.66,1.38
NA19786,7.53,2.71,1.64,7.46,2.42,1.06
NA19788,7.76,3.24,2.43,7.59,2.55,1.24
NA19789,7.53,2.62,1.51,7.48,2.38,0.97
NA19792,7.46,2.63,1.55,7.41,2.36,0.94
NA19794,7.52,3.19,2.44,7.31,2.43,1.13
NA19795,7.53,2.75,1.73,7.45,2.4,1.0
NA19818,7.55,2.74,1.68,7.46,2.41,0.99
NA19819,7.6,3.14,2.33,7.44,2.5,1.18
NA19834,7.14,2.82,1.97,7.01,2.37,1.15
NA19835,7.14,2.89,2.1,7.0,2.38,1.17
NA19900,7.62,3.14,2.27,7.45,2.55,1.24
NA19901,7.46,2.62,1.49,7.4,2.37,0.95
NA19904,7.6,2.91,1.98,7.49,2.44,1.07
NA19908,7.34,2.79,1.8,7.26,2.45,1.13
NA19909,7.7,3.12,2.25,7.56,2.58,1.27
NA19913,7.68,3.18,2.37,7.49,2.48,1.13
NA19914,7.59,2.87,1.93,7.5,2.46,1.11
NA19916,7.14,2.93,2.12,6.96,2.32,1.03
NA19917,7.57,2.95,2.04,7.44,2.44,1.07
NA19920,7.51,2.85,1.9,7.4,2.42,1.07
NA19921,7.62,2.83,1.83,7.52,2.42,1.0
NA19922,7.75,3.55,2.86,7.46,2.65,1.47
NA19923,7.56,3.06,2.21,7.42,2.54,1.31
NA19982,7.6,2.99,2.09,7.45,2.44,1.05
NA19984,7.71,3.5,2.8,7.45,2.57,1.3
NA20126,7.62,2.87,1.89,7.51,2.45,1.06
NA20127,7.02,2.55,1.54,6.96,2.26,0.91
NA20274,7.95,3.86,3.23,7.63,2.76,1.6
NA20276,7.56,2.71,1.63,7.52,2.41,1.0
NA20278,7.71,3.1,2.22,7.51,2.48,1.14
NA20281,7.6,2.6,1.37,7.54,2.41,0.97
NA20282,7.71,3.11,2.26,7.57,2.51,1.16
NA20287,6.9,3.26,2.65,6.62,2.42,1.38
NA20289,7.55,3.38,2.69,7.31,2.58,1.36
NA20291,7.65,2.71,1.59,7.55,2.42,0.98
NA20294,7.59,3.04,2.17,7.44,2.47,1.14
NA20296,7.77,3.22,2.39,7.58,2.51,1.16
NA20298,7.54,3.03,2.16,7.4,2.46,1.13
NA20299,7.77,3.19,2.35,7.62,2.55,1.23
NA20314,7.62,2.8,1.76,7.55,2.45,1.06
NA20317,7.65,2.95,2.01,7.56,2.55,1.26
NA20318,7.35,2.72,1.72,7.29,2.38,1.03
NA20320,7.83,3.08,2.18,7.72,2.57,1.2
NA20321,7.58,2.83,1.82,7.52,2.45,1.08
NA20332,7.76,3.0,2.06,7.61,2.46,1.03
NA20334,7.53,2.92,2.01,7.4,2.43,1.09
NA20339,7.63,3.11,2.27,7.5,2.57,1.31
NA20340,7.46,2.76,1.76,7.38,2.45,1.14
NA20342,7.54,2.9,1.98,7.43,2.45,1.12
NA20346,7.64,2.95,2.02,7.53,2.54,1.25
NA20348,7.64,3.23,2.43,7.49,2.69,1.52
NA20351,7.51,2.83,1.85,7.41,2.47,1.16
NA20355,7.57,2.83,1.82,7.45,2.47,1.15
NA20356,7.57,2.96,2.07,7.45,2.51,1.24
NA20357,7.61,3.01,2.11,7.5,2.55,1.28
NA20359,7.68,2.99,2.07,7.57,2.51,1.16
NA20362,7.59,3.27,2.53,7.39,2.54,1.32
NA20412,7.49,2.89,1.97,7.38,2.46,1.16
NA20502,7.67,3.39,2.67,7.45,2.62,1.44
NA20503,7.46,3.06,2.25,7.29,2.44,1.15
NA20504,7.63,3.01,2.1,7.49,2.5,1.17
NA20505,7.65,2.9,1.94,7.57,2.53,1.2
NA20506,7.56,2.91,1.97,7.45,2.51,1.22
NA20507,7.7,2.93,1.95,7.55,2.48,1.1
NA20508,7.65,2.91,1.94,7.57,2.5,1.13
NA20509,7.51,2.98,2.08,7.41,2.55,1.27
NA20510,7.71,2.86,1.84,7.66,2.57,1.25
NA20511,7.58,2.75,1.69,7.51,2.52,1.21
NA20512,7.66,3.25,2.48,7.46,2.54,1.25
NA20513,7.59,2.79,1.74,7.52,2.5,1.16
NA20514,7.61,2.88,1.89,7.51,2.46,1.09
NA20515,7.77,3.21,2.36,7.62,2.61,1.28
NA20516,7.44,2.7,1.67,7.35,2.38,1.02
NA20517,7.79,3.41,2.67,7.58,2.6,1.32
NA20518,7.76,3.2,2.35,7.59,2.59,1.3
NA20519,7.49,2.62,1.47,7.42,2.4,1.0
NA20520,7.26,3.02,2.25,7.07,2.36,1.1
NA20521,7.74,3.62,2.96,7.45,2.62,1.4
NA20522,7.62,2.93,2.01,7.5,2.46,1.12
NA20524,7.62,3.35,2.62,7.4,2.55,1.3
NA20525,7.6,2.92,1.97,7.49,2.49,1.14
NA20527,7.62,2.86,1.86,7.52,2.48,1.12
NA20528,7.67,2.97,2.02,7.58,2.6,1.36
NA20529,7.81,3.34,2.56,7.64,2.62,1.34
NA20530,7.63,3.31,2.58,7.41,2.54,1.28
NA20531,7.67,2.89,1.89,7.56,2.5,1.13
NA20532,7.97,3.73,3.04,7.72,2.83,1.67
NA20533,7.71,3.47,2.74,7.51,2.69,1.52
NA20534,8.14,4.12,3.51,7.77,2.96,1.86
NA20535,7.75,3.34,2.52,7.55,2.73,1.47
NA20536,7.63,2.8,1.76,7.54,2.47,1.1
NA20538,7.48,2.56,1.33,7.47,2.43,1.02
NA20539,7.73,3.05,2.15,7.56,2.54,1.22
NA20540,7.74,3.16,2.28,7.6,2.65,1.35
NA20541,7.65,3.14,2.3,7.49,2.56,1.3
NA20542,7.81,3.43,2.68,7.6,2.69,1.5
NA20543,7.72,3.43,2.72,7.48,2.57,1.3
NA20544,7.59,3.22,2.42,7.41,2.56,1.33
NA20581,7.92,3.98,3.38,7.52,2.75,1.58
NA20582,7.91,3.78,3.12,7.6,2.72,1.51
NA20585,7.58,2.82,1.8,7.51,2.52,1.21
NA20586,7.62,3.01,2.14,7.5,2.52,1.24
NA20587,7.39,2.64,1.53,7.33,2.39,1.01
NA20588,7.7,3.3,2.53,7.5,2.59,1.39
NA20589,7.66,3.01,2.08,7.55,2.58,1.3
NA20752,7.59,2.94,2.03,7.47,2.43,1.06
NA20753,7.7,3.19,2.36,7.52,2.52,1.19
NA20754,7.71,3.48,2.77,7.45,2.61,1.38
NA20755,7.53,3.0,2.11,7.38,2.44,1.11
NA20756,7.91,3.66,3.0,7.63,2.66,1.41
NA20757,7.77,3.57,2.89,7.49,2.62,1.37
NA20758,7.72,3.18,2.34,7.58,2.59,1.27
NA20759,7.7,3.49,2.78,7.46,2.71,1.49
NA20760,7.52,2.81,1.8,7.44,2.45,1.09
NA20761,7.54,2.9,1.98,7.44,2.48,1.17
NA20762,6.74,2.89,2.15,6.57,2.35,1.3
NA20763,7.11,2.57,1.54,7.05,2.3,0.98
NA20764,7.83,3.65,2.99,7.56,2.7,1.53
NA20765,7.75,3.09,2.18,7.63,2.59,1.28
NA20766,7.87,3.39,2.6,7.69,2.7,1.45
NA20767,7.52,2.73,1.64,7.43,2.41,0.97
NA20768,7.74,3.19,2.33,7.58,2.56,1.24
NA20769,7.7,3.2,2.34,7.55,2.69,1.4
NA20770,7.87,3.85,3.24,7.52,2.68,1.45
NA20771,7.28,2.81,1.85,7.16,2.43,1.13
NA20772,7.77,3.03,2.1,7.65,2.51,1.12
NA20773,7.75,3.38,2.64,7.54,2.59,1.32
NA20774,7.57,2.98,2.09,7.44,2.47,1.15
NA20775,7.48,3.03,2.19,7.31,2.44,1.12
NA20778,7.55,3.16,2.38,7.37,2.5,1.22
NA20783,7.33,2.46,1.17,7.31,2.4,1.03
NA20785,7.04,2.34,1.06,7.04,2.29,0.92
NA20786,7.61,3.08,2.11,7.51,2.77,1.56
NA20787,7.92,3.83,3.19,7.58,2.72,1.53
NA20790,7.61,3.06,2.13,7.52,2.68,1.34
NA20792,7.18,2.35,1.04,7.17,2.28,0.86
NA20795,7.63,3.14,2.3,7.48,2.54,1.26
NA20796,7.68,3.33,2.58,7.45,2.51,1.21
NA20797,7.7,3.07,2.17,7.53,2.49,1.13
NA20798,7.76,3.19,2.32,7.63,2.68,1.45
NA20799,7.65,3.05,2.17,7.53,2.53,1.22
NA20800,7.46,2.94,2.05,7.35,2.49,1.2
NA20801,7.63,3.04,2.14,7.5,2.59,1.35
NA20802,7.62,2.88,1.88,7.52,2.48,1.1
NA20803,7.92,3.87,3.24,7.58,2.77,1.58
NA20804,7.72,2.86,1.83,7.66,2.53,1.17
NA20805,7.48,2.91,1.98,7.35,2.43,1.11
NA20806,7.55,3.15,2.33,7.34,2.5,1.28
NA20807,7.79,3.6,2.93,7.52,2.63,1.39
NA20808,7.55,3.38,2.68,7.32,2.59,1.45
NA20809,7.62,3.16,2.37,7.44,2.5,1.2
NA20810,7.58,3.22,2.45,7.39,2.54,1.29
NA20811,7.62,3.31,2.59,7.41,2.56,1.33
NA20812,7.67,3.25,2.48,7.47,2.54,1.26
NA20813,7.69,3.32,2.55,7.48,2.59,1.33
NA20814,7.52,2.89,1.94,7.41,2.46,1.12
NA20815,7.74,3.2,2.28,7.6,2.64,1.28
NA20818,7.57,2.98,2.08,7.45,2.5,1.22
NA20819,7.53,2.65,1.56,7.48,2.38,0.95
NA20821,7.78,3.45,2.69,7.57,2.68,1.43
NA20822,7.59,2.92,1.97,7.47,2.48,1.12
NA20826,8.04,4.41,3.9,7.59,3.04,1.99
NA20827,7.18,2.97,2.17,7.0,2.37,1.11
NA20828,8.14,4.35,3.81,7.72,3.05,1.98
NA20832,7.68,3.08,2.13,7.58,2.68,1.32
NA20845,7.61,3.13,2.33,7.44,2.48,1.14
NA20846,7.69,3.17,2.3,7.58,2.73,1.51
NA20847,7.74,3.24,2.46,7.55,2.52,1.19
NA20849,7.54,2.68,1.54,7.49,2.48,1.09
NA20850,6.88,2.76,1.91,6.75,2.33,1.1
NA20851,7.62,2.74,1.64,7.55,2.44,1.0
NA20852,7.5,2.42,0.99,7.49,2.38,0.89
NA20853,7.67,3.2,2.38,7.5,2.57,1.28
NA20854,7.62,3.12,2.28,7.47,2.54,1.27
NA20856,7.67,3.1,2.24,7.52,2.52,1.2
NA20858,7.6,3.12,2.3,7.44,2.54,1.27
NA20859,7.61,3.47,2.79,7.35,2.58,1.39
NA20861,7.61,2.79,1.78,7.52,2.44,1.05
NA20862,7.75,3.18,2.32,7.58,2.56,1.21
NA20863,7.54,3.05,2.19,7.41,2.53,1.29
NA20864,7.51,3.09,2.26,7.34,2.49,1.23
NA20866,7.3,2.5,1.3,7.27,2.34,0.93
NA20867,7.52,2.79,1.8,7.42,2.42,1.06
NA20868,7.36,2.76,1.74,7.28,2.43,1.11
NA20869,7.44,3.05,2.22,7.29,2.47,1.18
NA20870,7.39,2.4,1.01,7.37,2.33,0.85
NA20872,7.56,2.63,1.48,7.53,2.42,1.01
NA20874,7.45,2.64,1.52,7.39,2.38,0.96
NA20875,7.73,3.76,3.13,7.43,2.77,1.67
NA20876,7.41,2.52,1.3,7.36,2.34,0.87
NA20877,7.59,2.73,1.64,7.57,2.49,1.12
NA20878,7.53,3.26,2.5,7.31,2.47,1.17
NA20881,7.45,2.75,1.67,7.39,2.5,1.16
NA20882,7.18,2.81,1.87,7.09,2.54,1.38
NA20884,7.57,2.72,1.62,7.54,2.48,1.12
NA20885,7.63,2.94,2.02,7.51,2.43,1.02
NA20886,8.04,3.97,3.35,7.69,2.85,1.7
NA20887,7.69,3.41,2.69,7.46,2.58,1.31
NA20888,7.92,3.65,2.95,7.64,2.74,1.52
NA20889,7.69,3.36,2.63,7.46,2.55,1.29
NA20890,7.59,2.91,1.97,7.48,2.46,1.11
NA20891,7.74,3.23,2.42,7.56,2.5,1.14
NA20892,7.6,2.84,1.73,7.56,2.59,1.18
NA20894,7.48,2.66,1.57,7.44,2.42,1.07
NA20895,7.42,2.61,1.48,7.38,2.38,0.98
NA20896,7.58,2.75,1.67,7.51,2.42,0.98
NA20897,7.49,2.74,1.7,7.4,2.38,0.96
NA20899,7.47,2.69,1.6,7.39,2.39,0.99
NA20900,7.7,3.23,2.43,7.51,2.55,1.24
NA20901,7.69,3.27,2.49,7.5,2.56,1.3
NA20902,7.8,3.77,3.17,7.46,2.63,1.4
NA20903,7.94,4.1,3.53,7.56,2.93,1.87
NA20904,7.27,2.72,1.74,7.17,2.35,1.0
NA20905,6.73,2.6,1.73,6.62,2.21,0.99
NA20906,7.12,2.53,1.42,7.05,2.27,0.88
NA20908,7.65,2.84,1.82,7.56,2.45,1.04
NA20910,7.46,2.84,1.85,7.35,2.39,0.99
NA20911,7.54,2.71,1.63,7.48,2.4,0.96
NA21086,7.44,3.12,2.33,7.28,2.52,1.28
NA21087,7.62,3.17,2.36,7.44,2.51,1.22
NA21088,7.54,3.13,2.3,7.38,2.51,1.24
NA21089,7.89,3.67,3.0,7.63,2.74,1.56
NA21090,7.64,2.97,2.04,7.51,2.47,1.09
NA21091,7.78,3.6,2.92,7.51,2.69,1.52
NA21092,7.72,3.11,2.26,7.58,2.54,1.24
NA21093,7.16,3.06,2.29,6.95,2.38,1.16
NA21094,7.16,3.26,2.57,6.94,2.56,1.49
NA21095,7.55,2.47,1.11,7.55,2.38,0.89
NA21097,7.73,3.13,2.27,7.59,2.57,1.28
NA21098,7.61,2.85,1.85,7.51,2.45,1.06
NA21099,7.55,2.99,2.12,7.42,2.51,1.24
NA21100,7.72,2.97,2.03,7.59,2.51,1.16
NA21101,7.37,3.16,2.4,7.16,2.43,1.17
NA21102,7.4,3.28,2.54,7.19,2.55,1.37
NA21103,7.68,2.91,1.93,7.58,2.5,1.14
NA21104,7.66,3.03,2.12,7.55,2.57,1.31
NA21105,7.35,2.89,2.0,7.22,2.45,1.19
NA21106,6.92,3.27,2.65,6.62,2.38,1.29
NA21107,7.65,2.85,1.83,7.56,2.52,1.22
NA21108,7.65,2.93,1.97,7.55,2.5,1.14
NA21109,7.41,2.78,1.81,7.33,2.38,1.03
NA21110,7.18,3.5,2.9,6.84,2.46,1.33
NA21111,8.09,3.9,3.26,7.77,2.78,1.54
NA21112,7.55,2.94,2.02,7.45,2.51,1.25
NA21113,7.67,3.03,2.16,7.54,2.53,1.25
NA21114,7.65,3.02,2.14,7.51,2.49,1.14
NA21115,7.25,2.9,2.05,7.11,2.35,1.04
NA21116,8.3,4.5,3.98,7.82,2.99,1.84
NA21117,7.75,3.1,2.22,7.6,2.55,1.22
NA21118,7.92,3.76,3.09,7.65,2.82,1.67
NA21119,7.69,2.91,1.94,7.59,2.49,1.14
NA21120,7.79,3.74,3.08,7.48,2.78,1.69
NA21122,7.7,3.19,2.37,7.52,2.51,1.19
NA21123,7.58,3.2,2.41,7.38,2.51,1.24
NA21124,7.54,2.83,1.84,7.45,2.46,1.11
NA21125,7.56,3.09,2.24,7.39,2.49,1.17
NA21126,7.58,2.87,1.91,7.47,2.43,1.06
NA21127,8.16,4.8,4.31,7.5,2.99,1.83
NA21128,7.1,2.68,1.72,7.0,2.31,1.02
NA21129,7.78,3.08,2.19,7.62,2.52,1.17
NA21130,7.68,3.2,2.38,7.49,2.5,1.17
NA21133,7.33,3.41,2.76,7.05,2.53,1.39
NA21135,7.43,2.84,1.88,7.31,2.43,1.14
NA21137,7.67,2.95,1.99,7.54,2.45,1.05
NA21141,7.45,2.85,1.89,7.36,2.47,1.17
NA21142,7.44,3.18,2.39,7.28,2.6,1.36
NA21143,7.33,2.93,1.98,7.26,2.67,1.55
NA21144,7.63,2.63,1.45,7.59,2.43,0.99
